{"textures":{"0":"modelengine:entity/golem"},"elements":[{"name":"cube","from":[3.735289,14.107499,4.409942],"to":[12.05129,15.187496,10.601942],"rotation":{"angle":0.0,"axis":"x","origin":[11.127289,-13.732503,12.941943]},"faces":{"down":{"uv":[0.875,2.9375,0.0,3.5625],"rotation":0,"texture":"#0","tintindex":0},"east":{"uv":[7.9375,3.0,8.5625,3.125],"rotation":0,"texture":"#0","tintindex":0},"north":{"uv":[7.25,4.5,8.125,4.625],"rotation":0,"texture":"#0","tintindex":0},"south":{"uv":[7.4375,1.125,8.3125,1.25],"rotation":0,"texture":"#0","tintindex":0},"up":{"uv":[3.25,2.125,2.375,1.5],"rotation":0,"texture":"#0","tintindex":0},"west":{"uv":[7.9375,3.1875,8.5625,3.3125],"rotation":0,"texture":"#0","tintindex":0}}},{"name":"cube","from":[1.2485429,9.967499,4.3864946],"to":[14.800297,14.107499,11.32139],"rotation":{"angle":0.0,"axis":"x","origin":[8.02442,12.0975,7.6289425]},"faces":{"down":{"uv":[1.4375,0.8125,0.0,1.5625],"rotation":0,"texture":"#0","tintindex":0},"east":{"uv":[4.625,1.25,5.375,1.6875],"rotation":0,"texture":"#0","tintindex":0},"north":{"uv":[1.5,0.5,2.9375,0.9375],"rotation":0,"texture":"#0","tintindex":0},"south":{"uv":[1.5,1.0,2.9375,1.4375],"rotation":0,"texture":"#0","tintindex":0},"up":{"uv":[1.4375,0.75,0.0,0.0],"rotation":0,"texture":"#0","tintindex":0},"west":{"uv":[2.375,4.875,3.125,5.3125],"rotation":0,"texture":"#0","tintindex":0}}},{"name":"cube","from":[6.876953,8.707499,7.6585345],"to":[9.135578,14.107499,9.18935],"rotation":{"angle":0.0,"axis":"x","origin":[8.006266,12.0975,8.423943]},"faces":{"down":{"uv":[8.625,1.25,8.375,1.4375],"rotation":0,"texture":"#0","tintindex":0},"east":{"uv":[0.0,7.375,0.1875,7.9375],"rotation":0,"texture":"#0","tintindex":0},"north":{"uv":[7.125,3.0,7.375,3.5625],"rotation":0,"texture":"#0","tintindex":0},"south":{"uv":[7.25,3.875,7.5,4.4375],"rotation":0,"texture":"#0","tintindex":0},"up":{"uv":[6.8125,6.3125,6.5625,6.125],"rotation":0,"texture":"#0","tintindex":0},"west":{"uv":[0.25,7.5625,0.4375,8.125],"rotation":0,"texture":"#0","tintindex":0}}},{"name":"cube","from":[7.260919,2.4074988,7.918773],"to":[8.751612,14.107499,8.9291115],"rotation":{"angle":0.0,"axis":"x","origin":[8.006266,12.0975,8.423943]},"faces":{"down":{"uv":[3.9375,5.0625,3.8125,5.1875],"rotation":0,"texture":"#0","tintindex":0},"east":{"uv":[2.125,7.0,2.25,8.1875],"rotation":0,"texture":"#0","tintindex":0},"north":{"uv":[2.9375,6.9375,3.0625,8.125],"rotation":0,"texture":"#0","tintindex":0},"south":{"uv":[0.9375,7.0625,1.0625,8.25],"rotation":0,"texture":"#0","tintindex":0},"up":{"uv":[3.3125,5.0,3.1875,4.875],"rotation":0,"texture":"#0","tintindex":0},"west":{"uv":[1.125,7.0625,1.25,8.25],"rotation":0,"texture":"#0","tintindex":0}}},{"name":"cube","from":[6.876953,6.607499,7.6585345],"to":[9.135578,8.107499,9.18935],"rotation":{"angle":0.0,"axis":"x","origin":[8.006266,6.0975,8.423943]},"faces":{"down":{"uv":[8.625,3.5625,8.375,3.75],"rotation":0,"texture":"#0","tintindex":0},"east":{"uv":[8.875,5.8125,9.0625,5.9375],"rotation":0,"texture":"#0","tintindex":0},"north":{"uv":[1.5625,7.6875,1.8125,7.8125],"rotation":0,"texture":"#0","tintindex":0},"south":{"uv":[6.875,8.8125,7.125,8.9375],"rotation":0,"texture":"#0","tintindex":0},"up":{"uv":[8.625,1.6875,8.375,1.5],"rotation":0,"texture":"#0","tintindex":0},"west":{"uv":[6.5,8.875,6.6875,9.0],"rotation":0,"texture":"#0","tintindex":0}}},{"name":"cube","from":[6.876953,4.5074987,7.6585345],"to":[9.135578,6.0074987,9.18935],"rotation":{"angle":0.0,"axis":"x","origin":[8.006266,3.9974997,8.423943]},"faces":{"down":{"uv":[8.625,4.0625,8.375,4.25],"rotation":0,"texture":"#0","tintindex":0},"east":{"uv":[8.875,8.6875,9.0625,8.8125],"rotation":0,"texture":"#0","tintindex":0},"north":{"uv":[7.5,8.8125,7.75,8.9375],"rotation":0,"texture":"#0","tintindex":0},"south":{"uv":[2.0625,8.875,2.3125,9.0],"rotation":0,"texture":"#0","tintindex":0},"up":{"uv":[8.625,4.0,8.375,3.8125],"rotation":0,"texture":"#0","tintindex":0},"west":{"uv":[8.875,8.875,9.0625,9.0],"rotation":0,"texture":"#0","tintindex":0}}},{"name":"cube","from":[6.876953,2.2574987,7.6585345],"to":[9.135578,3.7574987,9.18935],"rotation":{"angle":0.0,"axis":"x","origin":[8.006266,1.7474996,8.423943]},"faces":{"down":{"uv":[8.625,4.5625,8.375,4.75],"rotation":0,"texture":"#0","tintindex":0},"east":{"uv":[8.9375,0.0,9.125,0.125],"rotation":0,"texture":"#0","tintindex":0},"north":{"uv":[8.875,2.25,9.125,2.375],"rotation":0,"texture":"#0","tintindex":0},"south":{"uv":[2.375,8.875,2.625,9.0],"rotation":0,"texture":"#0","tintindex":0},"up":{"uv":[8.625,4.5,8.375,4.3125],"rotation":0,"texture":"#0","tintindex":0},"west":{"uv":[8.9375,0.1875,9.125,0.3125],"rotation":0,"texture":"#0","tintindex":0}}},{"name":"cube","from":[10.834226,7.3274994,4.6089025],"to":[13.667353,10.087502,11.062983],"rotation":{"angle":0.0,"axis":"x","origin":[12.412561,-15.892503,17.656982]},"faces":{"down":{"uv":[2.25,6.125,1.9375,6.9375],"rotation":0,"texture":"#0","tintindex":0},"east":{"uv":[6.125,4.0,6.9375,4.3125],"rotation":0,"texture":"#0","tintindex":0},"north":{"uv":[7.5625,2.0625,7.875,2.375],"rotation":0,"texture":"#0","tintindex":0},"south":{"uv":[4.3125,7.6875,4.625,8.0],"rotation":0,"texture":"#0","tintindex":0},"up":{"uv":[1.875,6.9375,1.5625,6.125],"rotation":0,"texture":"#0","tintindex":0},"west":{"uv":[6.125,4.375,6.9375,4.6875],"rotation":0,"texture":"#0","tintindex":0}}},{"name":"cube","from":[11.103125,6.730031,4.668902],"to":[13.106448,8.733354,10.942982],"rotation":{"angle":-45.0,"axis":"z","origin":[11.689884,7.353354,7.7159424]},"faces":{"down":{"uv":[0.125,8.8125,0.3125,9.0],"rotation":0,"texture":"#0","tintindex":0},"east":{"uv":[0.125,8.8125,0.3125,9.0],"rotation":0,"texture":"#0","tintindex":0},"north":{"uv":[0.125,8.8125,0.3125,9.0],"rotation":0,"texture":"#0","tintindex":0},"south":{"uv":[0.125,8.8125,0.3125,9.0],"rotation":0,"texture":"#0","tintindex":0},"up":{"uv":[0.125,8.8125,0.3125,9.0],"rotation":0,"texture":"#0","tintindex":0},"west":{"uv":[0.125,8.8125,0.3125,9.0],"rotation":0,"texture":"#0","tintindex":0}}},{"name":"cube","from":[2.898821,6.730031,4.668902],"to":[4.9021454,8.733354,10.942982],"rotation":{"angle":45.0,"axis":"z","origin":[4.3153853,7.353354,7.7159424]},"faces":{"down":{"uv":[8.8125,0.8125,9.0,1.0],"rotation":0,"texture":"#0","tintindex":0},"east":{"uv":[8.8125,0.8125,9.0,1.0],"rotation":0,"texture":"#0","tintindex":0},"north":{"uv":[8.8125,0.8125,9.0,1.0],"rotation":0,"texture":"#0","tintindex":0},"south":{"uv":[8.8125,0.8125,9.0,1.0],"rotation":0,"texture":"#0","tintindex":0},"up":{"uv":[8.8125,0.8125,9.0,1.0],"rotation":0,"texture":"#0","tintindex":0},"west":{"uv":[8.8125,0.8125,9.0,1.0],"rotation":0,"texture":"#0","tintindex":0}}},{"name":"cube","from":[2.337916,7.3274994,4.6089025],"to":[5.171044,10.087502,11.062983],"rotation":{"angle":0.0,"axis":"x","origin":[3.5927079,-15.892503,17.656982]},"faces":{"down":{"uv":[6.625,1.75,6.3125,2.5625],"rotation":0,"texture":"#0","tintindex":0},"east":{"uv":[6.125,4.75,6.9375,5.0625],"rotation":0,"texture":"#0","tintindex":0},"north":{"uv":[5.125,7.6875,5.4375,8.0],"rotation":0,"texture":"#0","tintindex":0},"south":{"uv":[5.5,7.6875,5.8125,8.0],"rotation":0,"texture":"#0","tintindex":0},"up":{"uv":[6.5,6.3125,6.1875,5.5],"rotation":0,"texture":"#0","tintindex":0},"west":{"uv":[6.125,5.125,6.9375,5.4375],"rotation":0,"texture":"#0","tintindex":0}}},{"name":"cube","from":[4.0878296,0.9675,5.6887045],"to":[11.993019,2.8274992,9.74456],"rotation":{"angle":0.0,"axis":"x","origin":[11.114666,-20.392502,14.696361]},"faces":{"down":{"uv":[4.875,1.75,4.0625,2.1875],"rotation":0,"texture":"#0","tintindex":0},"east":{"uv":[7.875,7.4375,8.3125,7.625],"rotation":0,"texture":"#0","tintindex":0},"north":{"uv":[6.6875,2.3125,7.5,2.5],"rotation":0,"texture":"#0","tintindex":0},"south":{"uv":[6.875,3.625,7.6875,3.8125],"rotation":0,"texture":"#0","tintindex":0},"up":{"uv":[0.8125,2.875,0.0,2.4375],"rotation":0,"texture":"#0","tintindex":0},