{"textures":{"0":"modelengine:entity/golem"},"elements":[{"name":"cube","from":[5.3004165,8.328318,5.8436904],"to":[10.700417,13.728317,10.64369],"rotation":{"angle":0.0,"axis":"x","origin":[9.800417,-52.181683,10.64369]},"faces":{"down":{"uv":[4.375,5.875,3.8125,6.375],"rotation":0,"texture":"#0","tintindex":0},"east":{"uv":[3.8125,5.25,4.3125,5.8125],"rotation":0,"texture":"#0","tintindex":0},"north":{"uv":[5.3125,1.75,5.875,2.3125],"rotation":0,"texture":"#0","tintindex":0},"south":{"uv":[5.3125,2.375,5.875,2.9375],"rotation":0,"texture":"#0","tintindex":0},"up":{"uv":[6.3125,1.6875,5.75,1.1875],"rotation":0,"texture":"#0","tintindex":0},"west":{"uv":[5.75,0.5625,6.25,1.125],"rotation":0,"texture":"#0","tintindex":0}}},{"name":"cube","from":[4.7004166,8.688316,5.1536903],"to":[5.9004164,13.488317,11.15369],"rotation":{"angle":0.0,"axis":"x","origin":[7.7004166,-79.361694,5.7536907]},"faces":{"down":{"uv":[6.0,7.6875,5.875,8.3125],"rotation":0,"texture":"#0","tintindex":0},"east":{"uv":[5.5,5.5,6.125,6.0],"rotation":0,"texture":"#0","tintindex":0},"north":{"uv":[2.375,4.3125,2.5,4.8125],"rotation":0,"texture":"#0","tintindex":0},"south":{"uv":[2.5,8.25,2.625,8.75],"rotation":0,"texture":"#0","tintindex":0},"up":{"uv":[0.625,8.1875,0.5,7.5625],"rotation":0,"texture":"#0","tintindex":0},"west":{"uv":[1.0,5.5625,1.625,6.0625],"rotation":0,"texture":"#0","tintindex":0}}},{"name":"cube","from":[8.073204,12.030907,5.1536903],"to":[10.113205,12.75091,5.8736906],"rotation":{"angle":22.5,"axis":"z","origin":[8.013205,11.880907,5.5136905]},"faces":{"down":{"uv":[9.5,0.6875,9.3125,0.75],"rotation":0,"texture":"#0","tintindex":0},"east":{"uv":[6.875,3.875,6.9375,3.9375],"rotation":0,"texture":"#0","tintindex":0},"north":{"uv":[1.0,5.4375,1.1875,5.5],"rotation":0,"texture":"#0","tintindex":0},"south":{"uv":[5.25,5.9375,5.4375,6.0],"rotation":0,"texture":"#0","tintindex":0},"up":{"uv":[9.5,0.25,9.3125,0.1875],"rotation":0,"texture":"#0","tintindex":0},"west":{"uv":[7.0625,1.125,7.125,1.1875],"rotation":0,"texture":"#0","tintindex":0}}},{"name":"cube","from":[5.9004164,12.823127,5.1536903],"to":[10.100416,13.488317,5.8736906],"rotation":{"angle":0.0,"axis":"x","origin":[5.3604164,13.128318,5.5136905]},"faces":{"down":{"uv":[9.3125,5.5,8.875,5.5625],"rotation":0,"texture":"#0","tintindex":0},"east":{"uv":[1.4375,9.6875,1.5,9.75],"rotation":0,"texture":"#0","tintindex":0},"north":{"uv":[6.6875,1.25,7.125,1.3125],"rotation":0,"texture":"#0","tintindex":0},"south":{"uv":[8.8125,6.5,9.25,6.5625],"rotation":0,"texture":"#0","tintindex":0},"up":{"uv":[9.3125,5.4375,8.875,5.375],"rotation":0,"texture":"#0","tintindex":0},"west":{"uv":[9.6875,2.8125,9.75,2.875],"rotation":0,"texture":"#0","tintindex":0}}},{"name":"cube","from":[5.8876286,12.030907,5.1536903],"to":[7.927629,12.75091,5.8736906],"rotation":{"angle":-22.5,"axis":"z","origin":[7.987629,11.880907,5.5136905]},"faces":{"down":{"uv":[9.5625,3.5625,9.375,3.625],"rotation":0,"texture":"#0","tintindex":0},"east":{"uv":[7.75,0.75,7.8125,0.8125],"rotation":0,"texture":"#0","tintindex":0},"north":{"uv":[9.3125,4.125,9.5,4.1875],"rotation":0,"texture":"#0","tintindex":0},"south":{"uv":[9.375,1.625,9.5625,1.6875],"rotation":0,"texture":"#0","tintindex":0},"up":{"uv":[9.5625,2.125,9.375,2.0625],"rotation":0,"texture":"#0","tintindex":0},"west":{"uv":[9.1875,9.625,9.25,9.6875],"rotation":0,"texture":"#0","tintindex":0}}},{"name":"cube","from":[5.8244743,12.630907,4.4336905],"to":[7.8644743,13.350909,5.1536903],"rotation":{"angle":-45.0,"axis":"z","origin":[7.9244742,12.4809065,4.79369]},"faces":{"down":{"uv":[0.125,9.4375,0.3125,9.5],"rotation":0,"texture":"#0","tintindex":0},"east":{"uv":[0.125,9.4375,0.3125,9.5],"rotation":0,"texture":"#0","tintindex":0},"north":{"uv":[0.125,9.4375,0.3125,9.5],"rotation":0,"texture":"#0","tintindex":0},"south":{"uv":[0.125,9.4375,0.3125,9.5],"rotation":0,"texture":"#0","tintindex":0},"up":{"uv":[0.125,9.4375,0.3125,9.5],"rotation":0,"texture":"#0","tintindex":0},"west":{"uv":[0.125,9.4375,0.3125,9.5],"rotation":0,"texture":"#0","tintindex":0}}},{"name":"cube","from":[4.421025,12.988965,4.4336905],"to":[7.541025,13.708963,5.1536903],"rotation":{"angle":0.0,"axis":"z","origin":[5.741025,13.348964,4.79369]},"faces":{"down":{"uv":[7.8125,4.375,8.125,4.4375],"rotation":0,"texture":"#0","tintindex":0},"east":{"uv":[7.8125,4.375,8.125,4.4375],"rotation":0,"texture":"#0","tintindex":0},"north":{"uv":[7.8125,4.375,8.125,4.4375],"rotation":0,"texture":"#0","tintindex":0},"south":{"uv":[7.8125,4.375,8.125,4.4375],"rotation":0,"texture":"#0","tintindex":0},"up":{"uv":[7.8125,4.375,8.125,4.4375],"rotation":0,"texture":"#0","tintindex":0},"west":{"uv":[7.8125,4.375,8.125,4.4375],"rotation":0,"texture":"#0","tintindex":0}}},{"name":"cube","from":[8.453499,12.988965,4.4336905],"to":[11.573499,13.708963,5.1536903],"rotation":{"angle":0.0,"axis":"z","origin":[10.253499,13.348964,4.79369]},"faces":{"down":{"uv":[9.0625,0.9375,9.375,1.0],"rotation":0,"texture":"#0","tintindex":0},"east":{"uv":[9.0625,0.9375,9.375,1.0],"rotation":0,"texture":"#0","tintindex":0},"north":{"uv":[9.0625,0.9375,9.375,1.0],"rotation":0,"texture":"#0","tintindex":0},"south":{"uv":[9.0625,0.9375,9.375,1.0],"rotation":0,"texture":"#0","tintindex":0},"up":{"uv":[9.0625,0.9375,9.375,1.0],"rotation":0,"texture":"#0","tintindex":0},"west":{"uv":[9.0625,0.9375,9.375,1.0],"rotation":0,"texture":"#0","tintindex":0}}},{"name":"cube","from":[3.9402757,14.83378,4.3777866],"to":[4.6602755,15.553779,9.897787],"rotation":{"angle":-22.5,"axis":"x","origin":[4.300276,14.98378,7.9777865]},"faces":{"down":{"uv":[6.375,1.125,6.3125,0.5625],"rotation":0,"texture":"#0","tintindex":0},"east":{"uv":[6.375,1.125,6.3125,0.5625],"rotation":0,"texture":"#0","tintindex":0},"north":{"uv":[6.375,1.125,6.3125,0.5625],"rotation":0,"texture":"#0","tintindex":0},"south":{"uv":[6.375,1.125,6.3125,0.5625],"rotation":0,"texture":"#0","tintindex":0},"up":{"uv":[6.375,1.125,6.3125,0.5625],"rotation":0,"texture":"#0","tintindex":0},"west":{"uv":[6.375,1.125,6.3125,0.5625],"rotation":0,"texture":"#0","tintindex":0}}},{"name":"cube","from":[11.334249,14.83378,4.3777866],"to":[12.054248,15.553779,9.897787],"rotation":{"angle":-22.5,"axis":"x","origin":[11.694248,14.98378,7.9777865]},"faces":{"down":{"uv":[4.5625,9.3125,4.5,8.75],"rotation":0,"texture":"#0","tintindex":0},"east":{"uv":[4.5625,9.3125,4.5,8.75],"rotation":0,"texture":"#0","tintindex":0},"north":{"uv":[4.5625,9.3125,4.5,8.75],"rotation":0,"texture":"#0","tintindex":0},"south":{"uv":[4.5625,9.3125,4.5,8.75],"rotation":0,"texture":"#0","tintindex":0},"up":{"uv":[4.5625,9.3125,4.5,8.75],"rotation":0,"texture":"#0","tintindex":0},"west":{"uv":[4.5625,9.3125,4.5,8.75],"rotation":0,"texture":"#0","tintindex":0}}},{"name":"cube","from":[11.334249,13.467539,4.4336905],"to":[12.054248,14.132733,11.633691],"rotation":{"angle":0.0,"axis":"x","origin":[11.694248,13.352732,5.9936905]},"faces":{"down":{"uv":[5.0625,9.5,5.125,9.625],"rotation":0,"texture":"#0","tintindex":0},"east":{"uv":[5.0625,9.5,5.125,9.625],"rotation":0,"texture":"#0","tintindex":0},"north":{"uv":[5.0625,9.5,5.125,9.625],"rotation":0,"texture":"#0","tintindex":0},"south":{"uv":[5.0625,9.5,5.125,9.625],"rotation":0,"texture":"#0","tintindex":0},"up":{"uv":[5.0625,9.5,5.125,9.625],"rotation":0,"texture":"#0","tintindex":0},"west":{"uv":[5.0625,9.5,5.125,9.625],"rotation":0,"texture":"#0","tintindex":0}}},{"name":"cube","from":[3.9402757,13.467539,4.4336905],"to":[4.6602755,14.132733,11.633691],"rotation":{"angle":0.0,"axis":"x","origin":[4.300276,13.352732,5.9936905]},"faces":{"down":{"uv":[5.125,9.5,5.0625,9.625],"rotation":0,"texture":"#0","tintindex":0},"east":{"uv":[5.125,9.5,5.0625,9.625],"rotation":0,"texture":"#0","tintindex":0},"north":{"uv":[5.125,9.5,5.0625,9.625],"rotation":0,"texture":"#0","tintindex":0},"south":{"uv":[5.125,9.5,5.0625,9.625],"rotation":0,"texture":"#0","tintindex":0},"up":{"uv":[5.125,9.5,5.0625,9.625],"rotation":0,