{"textures":{"0":"modelengine:entity/golem"},"elements":[{"name":"cube","from":[3.0097303,6.63,7.6048107],"to":[12.97027,9.57,12.71519],"rotation":{"angle":0.0,"axis":"x","origin":[8.0,8.0,8.0]},"faces":{"down":{"uv":[3.0625,2.3125,2.0,2.875],"rotation":0,"texture":"#0","tintindex":0},"east":{"uv":[3.3125,1.75,3.875,2.0625],"rotation":0,"texture":"#0","tintindex":0},"north":{"uv":[4.625,0.5,5.6875,0.8125],"rotation":0,"texture":"#0","tintindex":0},"south":{"uv":[4.625,0.875,5.6875,1.1875],"rotation":0,"texture":"#0","tintindex":0},"up":{"uv":[1.9375,2.875,0.875,2.3125],"rotation":0,"texture":"#0","tintindex":0},"west":{"uv":[6.4375,6.375,7.0,6.6875],"rotation":0,"texture":"#0","tintindex":0}}},{"name":"cube","from":[3.9271464,5.4300003,12.704811],"to":[12.121764,10.2300005,13.879407],"rotation":{"angle":0.0,"axis":"x","origin":[8.0,8.0,13.1]},"faces":{"down":{"uv":[8.375,1.875,7.5,2.0],"rotation":0,"texture":"#0","tintindex":0},"east":{"uv":[6.5,8.3125,6.625,8.8125],"rotation":0,"texture":"#0","tintindex":0},"north":{"uv":[3.125,2.1875,4.0,2.6875],"rotation":0,"texture":"#0","tintindex":0},"south":{"uv":[3.3125,1.1875,4.1875,1.6875],"rotation":0,"texture":"#0","tintindex":0},"up":{"uv":[8.3125,1.8125,7.4375,1.6875],"rotation":0,"texture":"#0","tintindex":0},"west":{"uv":[6.6875,8.3125,6.8125,8.8125],"rotation":0,"texture":"#0","tintindex":0}}},{"name":"cube","from":[6.8943405,5.5499983,6.237859],"to":[9.085659,9.57,7.7221417],"rotation":{"angle":0.0,"axis":"x","origin":[8.0,8.0,8.0]},"faces":{"down":{"uv":[5.4375,8.875,5.1875,9.0],"rotation":0,"texture":"#0","tintindex":0},"east":{"uv":[7.5,8.3125,7.625,8.75],"rotation":0,"texture":"#0","tintindex":0},"north":{"uv":[4.0625,2.25,4.3125,2.6875],"rotation":0,"texture":"#0","tintindex":0},"south":{"uv":[5.4375,1.25,5.6875,1.6875],"rotation":0,"texture":"#0","tintindex":0},"up":{"uv":[5.125,9.0,4.875,8.875],"rotation":0,"texture":"#0","tintindex":0},"west":{"uv":[7.6875,8.3125,7.8125,8.75],"rotation":0,"texture":"#0","tintindex":0}}},{"name":"cube","from":[3.7868483,6.6899996,6.396061],"to":[12.253152,9.99,7.3239393],"rotation":{"angle":0.0,"axis":"x","origin":[8.0,8.0,8.0]},"faces":{"down":{"uv":[8.3125,1.5,7.4375,1.625],"rotation":0,"texture":"#0","tintindex":0},"east":{"uv":[6.9375,7.4375,7.0625,7.75],"rotation":0,"texture":"#0","tintindex":0},"north":{"uv":[5.9375,3.625,6.8125,3.9375],"rotation":0,"texture":"#0","tintindex":0},"south":{"uv":[5.25,6.0625,6.125,6.375],"rotation":0,"texture":"#0","tintindex":0},"up":{"uv":[8.3125,1.4375,7.4375,1.3125],"rotation":0,"texture":"#0","tintindex":0},"west":{"uv":[6.1875,8.625,6.3125,8.9375],"rotation":0,"texture":"#0","tintindex":0}}}],"display":{"head":{"translation":[0.0,-6.4,0.0],"rotation":[0.0,0.0,0.0],"scale":[3.8095,3.8095,3.8095]}}}