{"textures":{"0":"modelengine:entity/golem"},"elements":[{"name":"cube","from":[6.504607,0.07999921,6.6295977],"to":[9.495392,8.42,9.370403],"rotation":{"angle":0.0,"axis":"x","origin":[7.010002,4.154721,7.971873]},"faces":{"down":{"uv":[3.875,7.75,4.1875,8.0625],"rotation":0,"texture":"#0","tintindex":0},"east":{"uv":[5.1875,5.9375,4.875,6.8125],"rotation":0,"texture":"#0","tintindex":0},"north":{"uv":[0.75,5.9375,0.4375,6.8125],"rotation":0,"texture":"#0","tintindex":0},"south":{"uv":[6.25,2.6875,5.9375,3.5625],"rotation":0,"texture":"#0","tintindex":0},"up":{"uv":[7.75,0.6875,8.0625,0.375],"rotation":0,"texture":"#0","tintindex":0},"west":{"uv":[6.25,1.75,5.9375,2.625],"rotation":0,"texture":"#0","tintindex":0}}}],"display":{"head":{"translation":[0.0,-6.4,0.0],"rotation":[0.0,0.0,0.0],"scale":[3.8095,3.8095,3.8095]}}}