{"textures":{"0":"modelengine:entity/golem"},"elements":[{"name":"cube","from":[6.185,6.5600004,5.9300003],"to":[9.815001,8.9,9.83],"rotation":{"angle":0.0,"axis":"x","origin":[11.660001,22.16,4.7599998]},"faces":{"down":{"uv":[4.25,7.3125,3.875,7.6875],"rotation":0,"texture":"#0","tintindex":0},"east":{"uv":[7.8125,7.125,8.1875,7.375],"rotation":0,"texture":"#0","tintindex":0},"north":{"uv":[6.9375,7.8125,7.3125,8.0625],"rotation":0,"texture":"#0","tintindex":0},"south":{"uv":[7.875,0.75,8.25,1.0],"rotation":0,"texture":"#0","tintindex":0},"up":{"uv":[7.6875,0.8125,7.3125,0.4375],"rotation":0,"texture":"#0","tintindex":0},"west":{"uv":[1.3125,7.875,1.6875,8.125],"rotation":0,"texture":"#0","tintindex":0}}},{"name":"cube","from":[5.99,4.2200003,2.81],"to":[10.01,6.5600004,9.83],"rotation":{"angle":0.0,"axis":"x","origin":[11.660001,22.16,4.7599998]},"faces":{"down":{"uv":[0.9375,5.125,0.5,5.875],"rotation":0,"texture":"#0","tintindex":0},"east":{"uv":[6.3125,3.3125,7.0625,3.5625],"rotation":0,"texture":"#0","tintindex":0},"north":{"uv":[6.4375,7.4375,6.875,7.6875],"rotation":0,"texture":"#0","tintindex":0},"south":{"uv":[7.375,7.4375,7.8125,7.6875],"rotation":0,"texture":"#0","tintindex":0},"up":{"uv":[0.4375,5.875,0.0,5.125],"rotation":0,"texture":"#0","tintindex":0},"west":{"uv":[6.375,1.375,7.125,1.625],"rotation":0,"texture":"#0","tintindex":0}}}],"display":{"head":{"translation":[0.0,-6.4,0.0],"rotation":[0.0,0.0,0.0],"scale":[3.8095,3.8095,3.8095]}}}