{"textures":{"0":"modelengine:entity/golem"},"elements":[{"name":"cube","from":[5.7097044,4.602501,4.3705935],"to":[8.426178,9.882501,5.3294067],"rotation":{"angle":0.0,"axis":"x","origin":[1.1357408,7.3924994,8.51]},"faces":{"down":{"uv":[7.1875,8.625,6.875,8.75],"rotation":0,"texture":"#0","tintindex":0},"east":{"uv":[3.1875,8.1875,3.3125,8.75],"rotation":0,"texture":"#0","tintindex":0},"north":{"uv":[6.6875,0.625,7.0,1.1875],"rotation":0,"texture":"#0","tintindex":0},"south":{"uv":[6.6875,1.6875,7.0,2.25],"rotation":0,"texture":"#0","tintindex":0},"up":{"uv":[8.9375,5.3125,8.625,5.1875],"rotation":0,"texture":"#0","tintindex":0},"west":{"uv":[3.375,8.1875,3.5,8.75],"rotation":0,"texture":"#0","tintindex":0}}},{"name":"cube","from":[5.7097044,4.602501,10.670593],"to":[8.426178,9.882501,11.629407],"rotation":{"angle":0.0,"axis":"x","origin":[1.1357408,7.3924994,14.809999]},"faces":{"down":{"uv":[9.0,1.4375,8.6875,1.5625],"rotation":0,"texture":"#0","tintindex":0},"east":{"uv":[8.1875,3.5625,8.3125,4.125],"rotation":0,"texture":"#0","tintindex":0},"north":{"uv":[0.0,6.75,0.3125,7.3125],"rotation":0,"texture":"#0","tintindex":0},"south":{"uv":[6.4375,6.75,6.75,7.3125],"rotation":0,"texture":"#0","tintindex":0},"up":{"uv":[9.0,1.375,8.6875,1.25],"rotation":0,"texture":"#0","tintindex":0},"west":{"uv":[8.1875,4.1875,8.3125,4.75],"rotation":0,"texture":"#0","tintindex":0}}},{"name":"cube","from":[5.7097044,4.602501,5.3294067],"to":[6.6861773,9.882501,10.670593],"rotation":{"angle":0.0,"axis":"x","origin":[1.1357408,7.3924994,14.809999]},"faces":{"down":{"uv":[2.4375,8.25,2.3125,8.8125],"rotation":0,"texture":"#0","tintindex":0},"east":{"uv":[5.5,4.25,6.0625,4.8125],"rotation":0,"texture":"#0","tintindex":0},"north":{"uv":[4.875,8.1875,5.0,8.75],"rotation":0,"texture":"#0","tintindex":0},"south":{"uv":[0.375,8.25,0.5,8.8125],"rotation":0,"texture":"#0","tintindex":0},"up":{"uv":[2.25,8.8125,2.125,8.25],"rotation":0,"texture":"#0","tintindex":0},"west":{"uv":[5.5,4.875,6.0625,5.4375],"rotation":0,"texture":"#0","tintindex":0}}},{"name":"cube","from":[6.5061774,9.882501,5.3294067],"to":[8.426178,10.6625,10.670593],"rotation":{"angle":0.0,"axis":"x","origin":[1.1357408,7.3924994,14.809999]},"faces":{"down":{"uv":[2.75,7.625,2.5625,8.1875],"rotation":0,"texture":"#0","tintindex":0},"east":{"uv":[8.8125,2.8125,9.375,2.875],"rotation":0,"texture":"#0","tintindex":0},"north":{"uv":[9.4375,3.0625,9.625,3.125],"rotation":0,"texture":"#0","tintindex":0},"south":{"uv":[9.4375,3.1875,9.625,3.25],"rotation":0,"texture":"#0","tintindex":0},"up":{"uv":[2.5,8.1875,2.3125,7.625],"rotation":0,"texture":"#0","tintindex":0},"west":{"uv":[8.8125,4.8125,9.375,4.875],"rotation":0,"texture":"#0","tintindex":0}}}],"display":{"head":{"translation":[0.0,-6.4,0.0],"rotation":[0.0,0.0,0.0],"scale":[3.8095,3.8095,3.8095]}}}