{"textures":{"0":"modelengine:entity/golem"},"elements":[{"name":"cube","from":[3.6334362,11.335001,4.38],"to":[9.008127,12.115003,11.64],"rotation":{"angle":0.0,"axis":"x","origin":[2.2851815,8.005003,7.995907]},"faces":{"down":{"uv":[3.375,3.5625,3.9375,4.3125],"rotation":0,"texture":"#0","tintindex":0},"east":{"uv":[9.125,2.4375,8.375,2.5],"rotation":0,"texture":"#0","tintindex":0},"north":{"uv":[9.3125,8.3125,8.75,8.375],"rotation":0,"texture":"#0","tintindex":0},"south":{"uv":[9.375,2.5625,8.8125,2.625],"rotation":0,"texture":"#0","tintindex":0},"up":{"uv":[3.375,3.5,3.9375,2.75],"rotation":0,"texture":"#0","tintindex":0},"west":{"uv":[9.125,1.75,8.375,1.8125],"rotation":0,"texture":"#0","tintindex":0}}},{"name":"cube","from":[4.8405523,6.689802,6.4085684],"to":[8.52101,9.800201,9.671432],"rotation":{"angle":0.0,"axis":"x","origin":[6.4622135,5.941002,8.0065155]},"faces":{"down":{"uv":[5.625,7.3125,6.0,7.625],"rotation":0,"texture":"#0","tintindex":0},"east":{"uv":[8.0625,0.0,7.75,0.3125],"rotation":0,"texture":"#0","tintindex":0},"north":{"uv":[7.4375,1.9375,7.0625,2.25],"rotation":0,"texture":"#0","tintindex":0},"south":{"uv":[4.6875,7.3125,4.3125,7.625],"rotation":0,"texture":"#0","tintindex":0},"up":{"uv":[5.1875,7.625,5.5625,7.3125],"rotation":0,"texture":"#0","tintindex":0},"west":{"uv":[8.0,5.5,7.6875,5.8125],"rotation":0,"texture":"#0","tintindex":0}}},{"name":"cube","from":[3.058745,5.215002,4.4399996],"to":[3.6934364,11.335001,11.52],"rotation":{"angle":0.0,"axis":"x","origin":[1.6504897,7.2250013,7.995907]},"faces":{"down":{"uv":[1.1875,8.3125,1.25,9.0625],"rotation":0,"texture":"#0","tintindex":0},"east":{"uv":[2.5,2.9375,1.75,3.5625],"rotation":0,"texture":"#0","tintindex":0},"north":{"uv":[8.6875,0.0,8.625,0.625],"rotation":0,"texture":"#0","tintindex":0},"south":{"uv":[0.75,8.625,0.6875,9.25],"rotation":0,"texture":"#0","tintindex":0},"up":{"uv":[2.6875,9.0,2.75,8.25],"rotation":0,"texture":"#0","tintindex":0},"west":{"uv":[1.6875,2.9375,0.9375,3.5625],"rotation":0,"texture":"#0","tintindex":0}}},{"name":"cube","from":[3.6934364,5.215002,3.4481854],"to":[8.948127,11.335001,4.4399996],"rotation":{"angle":0.0,"axis":"x","origin":[2.2851815,7.2250013,-0.07590771]},"faces":{"down":{"uv":[7.4375,8.125,8.0,8.25],"rotation":0,"texture":"#0","tintindex":0},"east":{"uv":[4.5625,8.0625,4.4375,8.6875],"rotation":0,"texture":"#0","tintindex":0},"north":{"uv":[4.9375,2.9375,4.375,3.5625],"rotation":0,"texture":"#0","tintindex":0},"south":{"uv":[3.9375,4.375,3.375,5.0],"rotation":0,"texture":"#0","tintindex":0},"up":{"uv":[6.8125,8.25,7.375,8.125],"rotation":0,"texture":"#0","tintindex":0},"west":{"uv":[4.375,8.0625,4.25,8.6875],"rotation":0,"texture":"#0","tintindex":0}}},{"name":"cube","from":[3.6934364,5.215002,11.52],"to":[8.948127,11.335001,12.511814],"rotation":{"angle":0.0,"axis":"x","origin":[2.2851815,7.2250013,7.995907]},"faces":{"down":{"uv":[6.1875,8.125,6.75,8.25],"rotation":0,"texture":"#0","tintindex":0},"east":{"uv":[0.125,8.0,0.0,8.625],"rotation":0,"texture":"#0","tintindex":0},"north":{"uv":[1.4375,1.625,0.875,2.25],"rotation":0,"texture":"#0","tintindex":0},"south":{"uv":[4.9375,2.25,4.375,2.875],"rotation":0,"texture":"#0","tintindex":0},"up":{"uv":[8.0625,5.75,8.625,5.625],"rotation":0,"texture":"#0","tintindex":0},"west":{"uv":[0.8125,7.9375,0.6875,8.5625],"rotation":0,"texture":"#0","tintindex":0}}},{"name":"cube","from":[5.312644,-0.56011915,7.061141],"to":[7.448919,6.9701233,9.018859],"rotation":{"angle":0.0,"axis":"x","origin":[5.673641,4.8346004,8.019909]},"faces":{"down":{"uv":[8.4375,1.875,8.6875,2.0625],"rotation":0,"texture":"#0","tintindex":0},"east":{"uv":[7.1875,3.875,7.0,4.6875],"rotation":0,"texture":"#0","tintindex":0},"north":{"uv":[4.125,6.4375,3.875,7.25],"rotation":0,"texture":"#0","tintindex":0},"south":{"uv":[5.5,6.4375,5.25,7.25],"rotation":0,"texture":"#0","tintindex":0},"up":{"uv":[8.375,7.625,8.625,7.4375],"rotation":0,"texture":"#0","tintindex":0},"west":{"uv":[2.0625,7.0,1.875,7.8125],"rotation":0,"texture":"#0","tintindex":0}}}],"display":{"head":{"translation":[0.0,-6.4,0.0],"rotation":[0.0,0.0,0.0],"scale":[3.8095,3.8095,3.8095]}}}