{"textures":{"0":"modelengine:entity/golem"},"elements":[{"name":"cube","from":[3.7105982,1.2350011,7.806061],"to":[11.546902,8.315001,8.193939],"rotation":{"angle":0.0,"axis":"x","origin":[10.0762005,-13.645001,13.876951]},"faces":{"down":{"uv":[8.6875,8.3125,7.875,8.375],"rotation":0,"texture":"#0","tintindex":0},"east":{"uv":[5.875,8.375,5.9375,9.125],"rotation":0,"texture":"#0","tintindex":0},"north":{"uv":[1.5,1.5,2.3125,2.25],"rotation":0,"texture":"#0","tintindex":0},"south":{"uv":[0.0,1.625,0.8125,2.375],"rotation":0,"texture":"#0","tintindex":0},"up":{"uv":[9.125,7.875,8.3125,7.8125],"rotation":0,"texture":"#0","tintindex":0},"west":{"uv":[8.4375,6.0,8.5,6.75],"rotation":0,"texture":"#0","tintindex":0}}},{"name":"cube","from":[4.8505983,-5.8450003,7.806061],"to":[8.156901,1.2350011,8.193939],"rotation":{"angle":0.0,"axis":"x","origin":[10.0762005,-20.725002,13.876951]},"faces":{"down":{"uv":[9.3125,8.4375,8.9375,8.5],"rotation":0,"texture":"#0","tintindex":0},"east":{"uv":[7.875,8.4375,7.9375,9.1875],"rotation":0,"texture":"#0","tintindex":0},"north":{"uv":[4.4375,5.8125,4.8125,6.5625],"rotation":0,"texture":"#0","tintindex":0},"south":{"uv":[0.0,5.9375,0.375,6.6875],"rotation":0,"texture":"#0","tintindex":0},"up":{"uv":[3.1875,9.0,2.8125,8.9375],"rotation":0,"texture":"#0","tintindex":0},"west":{"uv":[8.0,8.4375,8.0625,9.1875],"rotation":0,"texture":"#0","tintindex":0}}},{"name":"cube","from":[8.810598,-3.8049998,7.806061],"to":[9.956902,1.2350011,8.193939],"rotation":{"angle":0.0,"axis":"x","origin":[10.0762005,-20.725002,13.876951]},"faces":{"down":{"uv":[9.625,3.4375,9.5,3.5],"rotation":0,"texture":"#0","tintindex":0},"east":{"uv":[2.8125,7.625,2.875,8.125],"rotation":0,"texture":"#0","tintindex":0},"north":{"uv":[8.3125,0.0,8.4375,0.5],"rotation":0,"texture":"#0","tintindex":0},"south":{"uv":[8.3125,0.5625,8.4375,1.0625],"rotation":0,"texture":"#0","tintindex":0},"up":{"uv":[8.25,0.6875,8.125,0.625],"rotation":0,"texture":"#0","tintindex":0},"west":{"uv":[1.0625,8.8125,1.125,9.3125],"rotation":0,"texture":"#0","tintindex":0}}},{"name":"cube","from":[8.156901,-2.005001,7.806061],"to":[8.810598,1.2350011,8.193939],"rotation":{"angle":0.0,"axis":"x","origin":[8.929898,-20.725002,13.876951]},"faces":{"down":{"uv":[9.75,9.1875,9.6875,9.25],"rotation":0,"texture":"#0","tintindex":0},"east":{"uv":[4.25,9.0,4.3125,9.3125],"rotation":0,"texture":"#0","tintindex":0},"north":{"uv":[3.5,7.8125,3.5625,8.125],"rotation":0,"texture":"#0","tintindex":0},"south":{"uv":[4.625,9.0,4.6875,9.3125],"rotation":0,"texture":"#0","tintindex":0},"up":{"uv":[8.875,9.75,8.8125,9.6875],"rotation":0,"texture":"#0","tintindex":0},"west":{"uv":[0.125,9.0625,0.1875,9.375],"rotation":0,"texture":"#0","tintindex":0}}}],"display":{"head":{"translation":[0.0,-6.4,0.0],"rotation":[0.0,0.0,0.0],"scale":[3.8095,3.8095,3.8095]}}}