{"textures":{"0":"modelengine:entity/golem"},"elements":[{"name":"cube","from":[7.5738225,4.602501,4.3705935],"to":[10.290297,9.882501,5.3294067],"rotation":{"angle":0.0,"axis":"x","origin":[14.864259,7.3924994,8.51]},"faces":{"down":{"uv":[8.9375,3.0,8.625,3.125],"rotation":0,"texture":"#0","tintindex":0},"east":{"uv":[3.875,8.125,4.0,8.6875],"rotation":0,"texture":"#0","tintindex":0},"north":{"uv":[3.8125,0.5,4.125,1.0625],"rotation":0,"texture":"#0","tintindex":0},"south":{"uv":[6.5625,5.5,6.875,6.0625],"rotation":0,"texture":"#0","tintindex":0},"up":{"uv":[1.125,8.75,0.8125,8.625],"rotation":0,"texture":"#0","tintindex":0},"west":{"uv":[4.0625,8.125,4.1875,8.6875],"rotation":0,"texture":"#0","tintindex":0}}},{"name":"cube","from":[7.5738225,4.602501,10.670593],"to":[10.290297,9.882501,11.629407],"rotation":{"angle":0.0,"axis":"x","origin":[14.864259,7.3924994,14.809999]},"faces":{"down":{"uv":[8.9375,5.0,8.625,5.125],"rotation":0,"texture":"#0","tintindex":0},"east":{"uv":[8.125,7.6875,8.25,8.25],"rotation":0,"texture":"#0","tintindex":0},"north":{"uv":[4.1875,6.625,4.5,7.1875],"rotation":0,"texture":"#0","tintindex":0},"south":{"uv":[6.6875,0.0,7.0,0.5625],"rotation":0,"texture":"#0","tintindex":0},"up":{"uv":[8.9375,3.3125,8.625,3.1875],"rotation":0,"texture":"#0","tintindex":0},"west":{"uv":[0.1875,8.1875,0.3125,8.75],"rotation":0,"texture":"#0","tintindex":0}}},{"name":"cube","from":[9.313824,4.602501,5.3294067],"to":[10.290297,9.882501,10.670593],"rotation":{"angle":0.0,"axis":"x","origin":[14.864259,7.3924994,14.809999]},"faces":{"down":{"uv":[3.125,8.1875,3.0,8.75],"rotation":0,"texture":"#0","tintindex":0},"east":{"uv":[4.875,5.3125,5.4375,5.875],"rotation":0,"texture":"#0","tintindex":0},"north":{"uv":[1.3125,8.1875,1.4375,8.75],"rotation":0,"texture":"#0","tintindex":0},"south":{"uv":[1.5,8.1875,1.625,8.75],"rotation":0,"texture":"#0","tintindex":0},"up":{"uv":[2.9375,8.75,2.8125,8.1875],"rotation":0,"texture":"#0","tintindex":0},"west":{"uv":[2.375,5.375,2.9375,5.9375],"rotation":0,"texture":"#0","tintindex":0}}},{"name":"cube","from":[7.5738225,9.882501,5.3294067],"to":[9.493822,10.6625,10.670593],"rotation":{"angle":0.0,"axis":"x","origin":[14.864259,7.3924994,14.809999]},"faces":{"down":{"uv":[5.0625,7.5625,4.875,8.125],"rotation":0,"texture":"#0","tintindex":0},"east":{"uv":[8.8125,2.6875,9.375,2.75],"rotation":0,"texture":"#0","tintindex":0},"north":{"uv":[9.4375,2.8125,9.625,2.875],"rotation":0,"texture":"#0","tintindex":0},"south":{"uv":[9.4375,2.9375,9.625,3.0],"rotation":0,"texture":"#0","tintindex":0},"up":{"uv":[7.75,4.4375,7.5625,3.875],"rotation":0,"texture":"#0","tintindex":0},"west":{"uv":[2.8125,8.8125,3.375,8.875],"rotation":0,"texture":"#0","tintindex":0}}}],"display":{"head":{"translation":[0.0,-6.4,0.0],"rotation":[0.0,0.0,0.0],"scale":[3.8095,3.8095,3.8095]}}}