{"textures":{"0":"modelengine:entity/golem"},"elements":[{"name":"cube","from":[2.8498473,12.402185,4.1113615],"to":[8.224539,13.182187,11.371362],"rotation":{"angle":0.0,"axis":"x","origin":[9.572792,9.072187,7.727269]},"faces":{"down":{"uv":[3.9375,3.5625,3.375,4.3125],"rotation":0,"texture":"#0","tintindex":0},"east":{"uv":[8.375,1.75,9.125,1.8125],"rotation":0,"texture":"#0","tintindex":0},"north":{"uv":[8.75,8.3125,9.3125,8.375],"rotation":0,"texture":"#0","tintindex":0},"south":{"uv":[8.8125,2.5625,9.375,2.625],"rotation":0,"texture":"#0","tintindex":0},"up":{"uv":[3.9375,3.5,3.375,2.75],"rotation":0,"texture":"#0","tintindex":0},"west":{"uv":[8.375,2.4375,9.125,2.5],"rotation":0,"texture":"#0","tintindex":0}}},{"name":"cube","from":[3.336964,7.756987,6.13993],"to":[7.0174217,10.867386,9.402794],"rotation":{"angle":0.0,"axis":"x","origin":[5.3957605,7.0081863,7.737877]},"faces":{"down":{"uv":[6.0,7.3125,5.625,7.625],"rotation":0,"texture":"#0","tintindex":0},"east":{"uv":[7.6875,5.5,8.0,5.8125],"rotation":0,"texture":"#0","tintindex":0},"north":{"uv":[7.0625,1.9375,7.4375,2.25],"rotation":0,"texture":"#0","tintindex":0},"south":{"uv":[4.3125,7.3125,4.6875,7.625],"rotation":0,"texture":"#0","tintindex":0},"up":{"uv":[5.5625,7.625,5.1875,7.3125],"rotation":0,"texture":"#0","tintindex":0},"west":{"uv":[7.75,0.0,8.0625,0.3125],"rotation":0,"texture":"#0","tintindex":0}}},{"name":"cube","from":[8.164538,6.2821865,4.1713614],"to":[8.799229,12.402185,11.251362],"rotation":{"angle":0.0,"axis":"x","origin":[10.207484,8.292186,7.727269]},"faces":{"down":{"uv":[1.25,8.3125,1.1875,9.0625],"rotation":0,"texture":"#0","tintindex":0},"east":{"uv":[0.9375,2.9375,1.6875,3.5625],"rotation":0,"texture":"#0","tintindex":0},"north":{"uv":[8.625,0.0,8.6875,0.625],"rotation":0,"texture":"#0","tintindex":0},"south":{"uv":[0.6875,8.625,0.75,9.25],"rotation":0,"texture":"#0","tintindex":0},"up":{"uv":[2.75,9.0,2.6875,8.25],"rotation":0,"texture":"#0","tintindex":0},"west":{"uv":[1.75,2.9375,2.5,3.5625],"rotation":0,"texture":"#0","tintindex":0}}},{"name":"cube","from":[2.9098468,6.2821865,3.1795475],"to":[8.164538,12.402185,4.1713614],"rotation":{"angle":0.0,"axis":"x","origin":[9.572792,8.292186,-0.3445456]},"faces":{"down":{"uv":[8.0,8.125,7.4375,8.25],"rotation":0,"texture":"#0","tintindex":0},"east":{"uv":[4.25,8.0625,4.375,8.6875],"rotation":0,"texture":"#0","tintindex":0},"north":{"uv":[4.375,2.9375,4.9375,3.5625],"rotation":0,"texture":"#0","tintindex":0},"south":{"uv":[3.375,4.375,3.9375,5.0],"rotation":0,"texture":"#0","tintindex":0},"up":{"uv":[7.375,8.25,6.8125,8.125],"rotation":0,"texture":"#0","tintindex":0},"west":{"uv":[4.4375,8.0625,4.5625,8.6875],"rotation":0,"texture":"#0","tintindex":0}}},{"name":"cube","from":[2.9098468,6.2821865,11.251362],"to":[8.164538,12.402185,12.243176],"rotation":{"angle":0.0,"axis":"x","origin":[9.572792,8.292186,7.727269]},"faces":{"down":{"uv":[6.75,8.125,6.1875,8.25],"rotation":0,"texture":"#0","tintindex":0},"east":{"uv":[0.6875,7.9375,0.8125,8.5625],"rotation":0,"texture":"#0","tintindex":0},"north":{"uv":[0.875,1.625,1.4375,2.25],"rotation":0,"texture":"#0","tintindex":0},"south":{"uv":[4.375,2.25,4.9375,2.875],"rotation":0,"texture":"#0","tintindex":0},"up":{"uv":[8.625,5.75,8.0625,5.625],"rotation":0,"texture":"#0","tintindex":0},"west":{"uv":[0.0,8.0,0.125,8.625],"rotation":0,"texture":"#0","tintindex":0}}},{"name":"cube","from":[4.4090557,0.5070677,6.7925024],"to":[6.54533,8.037308,8.750221],"rotation":{"angle":0.0,"axis":"x","origin":[6.184334,5.9017878,7.751271]},"faces":{"down":{"uv":[8.6875,1.875,8.4375,2.0625],"rotation":0,"texture":"#0","tintindex":0},"east":{"uv":[1.875,7.0,2.0625,7.8125],"rotation":0,"texture":"#0","tintindex":0},"north":{"uv":[3.875,6.4375,4.125,7.25],"rotation":0,"texture":"#0","tintindex":0},"south":{"uv":[5.25,6.4375,5.5,7.25],"rotation":0,"texture":"#0","tintindex":0},"up":{"uv":[8.625,7.625,8.375,7.4375],"rotation":0,"texture":"#0","tintindex":0},"west":{"uv":[7.0,3.875,7.1875,4.6875],"rotation":0,"texture":"#0","tintindex":0}}}],"display":{"head":{"translation":[0.0,-6.4,0.0],"rotation":[0.0,0.0,0.0],"scale":[3.8095,3.8095,3.8095]}}}