{"textures":{"0":"modelengine:entity/golem"},"elements":[{"name":"cube","from":[6.504608,0.07999921,6.6295977],"to":[9.495392,8.419998,9.370403],"rotation":{"angle":0.0,"axis":"x","origin":[8.989997,4.1547184,7.971873]},"faces":{"down":{"uv":[4.1875,7.75,3.875,8.0625],"rotation":0,"texture":"#0","tintindex":0},"east":{"uv":[5.9375,1.75,6.25,2.625],"rotation":0,"texture":"#0","tintindex":0},"north":{"uv":[0.4375,5.9375,0.75,6.8125],"rotation":0,"texture":"#0","tintindex":0},"south":{"uv":[5.9375,2.6875,6.25,3.5625],"rotation":0,"texture":"#0","tintindex":0},"up":{"uv":[8.0625,0.6875,7.75,0.375],"rotation":0,"texture":"#0","tintindex":0},"west":{"uv":[4.875,5.9375,5.1875,6.8125],"rotation":0,"texture":"#0","tintindex":0}}}],"display":{"head":{"translation":[0.0,-6.4,0.0],"rotation":[0.0,0.0,0.0],"scale":[3.8095,3.8095,3.8095]}}}