{"textures":{"0":"modelengine:entity/naga_guard"},"elements":[{"name":"cube","from":[5.1838737,14.916814,4.2643075],"to":[10.810588,20.329342,8.368307],"rotation":{"angle":0.0,"axis":"x","origin":[7.6846356,7.8834214,7.633908]},"faces":{"down":{"uv":[6.28125,8.25,5.6875,8.6875],"rotation":0,"texture":"#0","tintindex":0},"east":{"uv":[2.1875,8.25,2.625,8.8125],"rotation":0,"texture":"#0","tintindex":0},"north":{"uv":[7.75,4.9375,8.34375,5.5],"rotation":0,"texture":"#0","tintindex":0},"south":{"uv":[7.75,6.8125,8.34375,7.375],"rotation":0,"texture":"#0","tintindex":0},"up":{"uv":[4.65625,8.6875,4.0625,8.25],"rotation":0,"texture":"#0","tintindex":0},"west":{"uv":[4.6875,8.25,5.125,8.8125],"rotation":0,"texture":"#0","tintindex":0}}},{"name":"cube","from":[1.5743803,7.241689,5.0923076],"to":[14.222081,15.147288,12.868308],"rotation":{"angle":0.0,"axis":"x","origin":[7.4945807,9.876888,4.0123076]},"faces":{"down":{"uv":[3.9375,3.0625,2.625,3.875],"rotation":0,"texture":"#0","tintindex":0},"east":{"uv":[3.5625,4.6875,4.375,5.5],"rotation":0,"texture":"#0","tintindex":0},"north":{"uv":[2.375,1.125,3.6875,1.9375],"rotation":0,"texture":"#0","tintindex":0},"south":{"uv":[0.0,3.0625,1.3125,3.875],"rotation":0,"texture":"#0","tintindex":0},"up":{"uv":[2.625,3.875,1.3125,3.0625],"rotation":0,"texture":"#0","tintindex":0},"west":{"uv":[5.0,0.0,5.8125,0.8125],"rotation":0,"texture":"#0","tintindex":0}}},{"name":"cube","from":[10.286381,9.76169,12.004308],"to":[13.934081,14.643289,13.8763075],"rotation":{"angle":22.5,"axis":"y","origin":[7.898231,11.19449,9.376308]},"faces":{"down":{"uv":[7.5,0.625,7.125,0.8125],"rotation":0,"texture":"#0","tintindex":0},"east":{"uv":[4.8125,9.375,5.0,9.875],"rotation":0,"texture":"#0","tintindex":0},"north":{"uv":[8.875,0.0,9.25,0.5],"rotation":0,"texture":"#0","tintindex":0},"south":{"uv":[8.875,0.5,9.25,1.0],"rotation":0,"texture":"#0","tintindex":0},"up":{"uv":[6.375,7.25,6.0,7.0625],"rotation":0,"texture":"#0","tintindex":0},"west":{"uv":[7.25,9.375,7.4375,9.875],"rotation":0,"texture":"#0","tintindex":0}}},{"name":"cube","from":[12.769646,9.76169,5.4411516],"to":[14.977345,14.643289,7.313152],"rotation":{"angle":-22.5,"axis":"y","origin":[13.153495,12.202491,6.3771515]},"faces":{"down":{"uv":[9.15625,7.0,8.9375,7.1875],"rotation":0,"texture":"#0","tintindex":0},"east":{"uv":[7.4375,9.375,7.625,9.875],"rotation":0,"texture":"#0","tintindex":0},"north":{"uv":[1.125,7.0,1.34375,7.5],"rotation":0,"texture":"#0","tintindex":0},"south":{"uv":[2.3125,9.25,2.53125,9.75],"rotation":0,"texture":"#0","tintindex":0},"up":{"uv":[1.34375,7.6875,1.125,7.5],"rotation":0,"texture":"#0","tintindex":0},"west":{"uv":[9.4375,2.3125,9.625,2.8125],"rotation":0,"texture":"#0","tintindex":0}}},{"name":"cube","from":[4.787908,11.559834,5.0923076],"to":[11.0085535,18.93897,10.780308],"rotation":{"angle":-45.0,"axis":"x","origin":[7.898231,16.847803,7.9003077]},"faces":{"down":{"uv":[7.78125,0.0,7.125,0.59375],"rotation":0,"texture":"#0","tintindex":0},"east":{"uv":[6.5,0.0,7.09375,0.78125],"rotation":0,"texture":"#0","tintindex":0},"north":{"uv":[0.0,6.1875,0.65625,6.96875],"rotation":0,"texture":"#0","tintindex":0},"south":{"uv":[0.6875,6.1875,1.34375,6.96875],"rotation":0,"texture":"#0","tintindex":0},"up":{"uv":[7.65625,4.96875,7.0,4.375],"rotation":0,"texture":"#0","tintindex":0},"west":{"uv":[6.75,2.75,7.34375,3.53125],"rotation":0,"texture":"#0","tintindex":0}}},{"name":"cube","from":[8.0,7.7947454,5.041396],"to":[8.0,18.594746,15.841396],"rotation":{"angle":-45.0,"axis":"x","origin":[4.8896775,16.898712,7.849396]},"faces":{"down":{"uv":[0.0,1.9375,1.125,3.0625],"rotation":0,"texture":"#0","tintindex":0},"east":{"uv":[0.0,1.9375,1.125,3.0625],"rotation":0,"texture":"#0","tintindex":0},"north":{"uv":[0.0,1.9375,1.125,3.0625],"rotation":0,"texture":"#0","tintindex":0},"south":{"uv":[0.0,1.9375,1.125,3.0625],"rotation":0,"texture":"#0","tintindex":0},"up":{"uv":[0.0,1.9375,1.125,3.0625],"rotation":0,"texture":"#0","tintindex":0},"west":{"uv":[1.125,1.9375,0.0,3.0625],"rotation":0,"texture":"#0","tintindex":0}}},{"name":"cube","from":[8.0,-0.10416603,-4.8436937],"to":[8.0,10.695835,5.9563074],"rotation":{"angle":-45.0,"axis":"x","origin":[4.8896775,19.727802,7.9003077]},"faces":{"down":{"uv":[2.25,1.9375,3.375,3.0625],"rotation":0,"texture":"#0","tintindex":0},"east":{"uv":[2.25,1.9375,3.375,3.0625],"rotation":0,"texture":"#0","tintindex":0},"north":{"uv":[2.25,1.9375,3.375,3.0625],"rotation":0,"texture":"#0","tintindex":0},"south":{"uv":[2.25,1.9375,3.375,3.0625],"rotation":0,"texture":"#0","tintindex":0},"up":{"uv":[2.25,1.9375,3.375,3.0625],"rotation":0,"texture":"#0","tintindex":0},"west":{"uv":[3.375,1.9375,2.25,3.0625],"rotation":0,"texture":"#0","tintindex":0}}},{"name":"cube","from":[4.787908,3.627178,6.7924833],"to":[11.0085535,9.1343155,12.480483],"rotation":{"angle":22.5,"axis":"x","origin":[7.898231,5.444747,9.636484]},"faces":{"down":{"uv":[8.34375,0.625,7.6875,1.21875],"rotation":0,"texture":"#0","tintindex":0},"east":{"uv":[7.75,7.375,8.34375,7.9375],"rotation":0,"texture":"#0","tintindex":0},"north":{"uv":[2.0625,7.6875,2.71875,8.25],"rotation":0,"texture":"#0","tintindex":0},"south":{"uv":[7.6875,4.375,8.34375,4.9375],"rotation":0,"texture":"#0","tintindex":0},"up":{"uv":[8.15625,4.34375,7.5,3.75],"rotation":0,"texture":"#0","tintindex":0},"west":{"uv":[7.8125,0.0,8.40625,0.5625],"rotation":0,"texture":"#0","tintindex":0}}},{"name":"cube","from":[5.098941,7.765975,12.451933],"to":[10.697521,15.145112,13.459933],"rotation":{"angle":0.0,"axis":"x","origin":[7.898231,11.4555435,10.831934]},"faces":{"down":{"uv":[8.28125,2.25,7.6875,2.34375],"rotation":0,"texture":"#0","tintindex":0},"east":{"uv":[9.0625,9.5,9.15625,10.28125],"rotation":0,"texture":"#0","tintindex":0},"north":{"uv":[1.375,6.875,1.96875,7.65625],"rotation":0,"texture":"#0","tintindex":0},"south":{"uv":[2.0,6.875,2.59375,7.65625],"rotation":0,"texture":"#0","tintindex":0},"up":{"uv":[6.40625,5.46875,5.8125,5.375],"rotation":0,"texture":"#0","tintindex":0},"west":{"uv":[0.375,9.5625,0.46875,10.34375],"rotation":0,"texture":"#0","tintindex":0}}},{"name":"cube","from":[8.13127,14.000463,6.5068674],"to":[12.282961,18.096607,10.973747],"rotation":{"angle":-45.0,"axis":"z","origin":[9.919116,15.6525345,7.4803076]},"faces":{"down":{"uv":[0.4375,8.5,0.0,8.96875],"rotation":0,"texture":"#0","tintindex":0},"east":{"uv":[6.9375,5.8125,7.40625,6.25],"rotation":0,"texture":"#0","tintindex":0},"north":{"uv":[2.1875,8.8125,2.625,9.25],"rotation":0,"texture":"#0","tintindex":0},"south":{"uv":[3.125,8.8125,3.5625,9.25],"rotation":0,"texture":"#0","tintindex":0},"up":{"uv":[8.75,8.90625,8.3125,8.4375],"rotation":0,"texture":"#0","tintindex":0},"west":{"uv":[8.4375,6.25,8.90625,6.6875],"rotation":0,"texture":"#0","tintindex":0}}},{"name":"cube","from":[3.717039,14.000463,6.5068674],"to":[7.8687296,18.096607,10.973747],"rotation":{"angle":45.0,"axis":"z","origin":[6.080884,15.6525345,7.4803076]},"faces":{"down":{"uv":[9.0,2.1875,8.5625,2.65625],"rotation":0,"texture":"#0","tintindex":0},"east":{"uv":[2.625,8.5,3.09375,8.9375],"rotation":0,"texture":"#0","tintindex":0},"north":{"uv":[4.375,8.8125,4.8125,9.25],"rotation":0,"texture":"#0","tintindex":0},"south":{"uv":[8.8125,5.5,9.25,5.9375],"rotation":0,"texture":"#0","tintindex":0},"up":{"uv":[8.1875,8.96875,7.75,8.5],"rotation":0,"texture":"#0","tintindex":0},"west":{"uv":[8.5,2.75,8.96875,3.1875],"rotation":0,"texture":"#0","tintindex":0}}},{"name":"cube","from":[8.918381,9.041689,4.3003073],"to":[12.926081,14.139289,5.0923076],"rotation":{"angle":-22.5,"axis":"z","origin":[10.454231,11.48249,4.696307]},"faces":{"down":{"uv":[10.28125,6.375,9.875,6.46875],"rotation":0,"texture":"#0","tintindex":0},"east":{"uv":[9.875,5.25,9.96875,5.78125],"rotation":0,"texture":"#0","tintindex":0},"north":{"uv":[8.375,7.25,8.78125,7.78125],"rotation":0,"texture":"#0","tintindex":0},"south":{"uv":[8.4375,0.0,8.84375,0.53125],"rotation":0,"texture":"#0",