{"textures":{"0":"modelengine:entity/naga_guard"},"elements":[{"name":"cube","from":[5.4064894,6.5913486,4.7856026],"to":[10.590489,11.559348,7.665603],"rotation":{"angle":0.0,"axis":"x","origin":[7.7104897,0.7593479,8.529603]},"faces":{"down":{"uv":[9.53125,2.0,9.0,2.3125],"rotation":0,"texture":"#0","tintindex":0},"east":{"uv":[4.0625,7.3125,4.375,7.84375],"rotation":0,"texture":"#0","tintindex":0},"north":{"uv":[7.75,7.9375,8.28125,8.46875],"rotation":0,"texture":"#0","tintindex":0},"south":{"uv":[5.125,8.0625,5.65625,8.59375],"rotation":0,"texture":"#0","tintindex":0},"up":{"uv":[3.90625,3.0625,3.375,2.75],"rotation":0,"texture":"#0","tintindex":0},"west":{"uv":[4.8125,8.8125,5.125,9.34375],"rotation":0,"texture":"#0","tintindex":0}}},{"name":"cube","from":[6.085593,9.039348,1.7616028],"to":[9.911386,11.4873495,4.7856026],"rotation":{"angle":0.0,"axis":"x","origin":[7.7859454,0.7593479,8.529603]},"faces":{"down":{"uv":[9.59375,7.0,9.1875,7.3125],"rotation":0,"texture":"#0","tintindex":0},"east":{"uv":[8.9375,5.25,9.25,5.5],"rotation":0,"texture":"#0","tintindex":0},"north":{"uv":[7.0,5.0,7.40625,5.25],"rotation":0,"texture":"#0","tintindex":0},"south":{"uv":[9.25,5.6875,9.65625,5.9375],"rotation":0,"texture":"#0","tintindex":0},"up":{"uv":[9.53125,9.0,9.125,8.6875],"rotation":0,"texture":"#0","tintindex":0},"west":{"uv":[9.5,6.5,9.8125,6.75],"rotation":0,"texture":"#0","tintindex":0}}},{"name":"cube","from":[6.659462,9.039348,-1.4783974],"to":[9.337517,10.983349,1.7616034],"rotation":{"angle":0.0,"axis":"x","origin":[7.8497086,0.7593479,8.457603]},"faces":{"down":{"uv":[9.65625,0.6875,9.375,1.03125],"rotation":0,"texture":"#0","tintindex":0},"east":{"uv":[9.5625,8.8125,9.90625,9.0],"rotation":0,"texture":"#0","tintindex":0},"north":{"uv":[9.8125,4.1875,10.09375,4.375],"rotation":0,"texture":"#0","tintindex":0},"south":{"uv":[9.8125,6.5,10.09375,6.6875],"rotation":0,"texture":"#0","tintindex":0},"up":{"uv":[9.65625,0.65625,9.375,0.3125],"rotation":0,"texture":"#0","tintindex":0},"west":{"uv":[9.625,2.625,9.96875,2.8125],"rotation":0,"texture":"#0","tintindex":0}}},{"name":"cube","from":[6.659462,10.191349,0.8976035],"to":[9.337517,10.695349,2.2656035],"rotation":{"angle":-22.5,"axis":"x","origin":[7.9984894,10.01135,0.14160323]},"faces":{"down":{"uv":[2.78125,9.9375,2.5,10.09375],"rotation":0,"texture":"#0","tintindex":0},"east":{"uv":[5.3125,1.4375,5.46875,1.5],"rotation":0,"texture":"#0","tintindex":0},"north":{"uv":[5.0,1.4375,5.28125,1.5],"rotation":0,"texture":"#0","tintindex":0},"south":{"uv":[5.3125,2.3125,5.59375,2.375],"rotation":0,"texture":"#0","tintindex":0},"up":{"uv":[10.15625,7.65625,9.875,7.5],"rotation":0,"texture":"#0","tintindex":0},"west":{"uv":[5.625,2.3125,5.78125,2.375],"rotation":0,"texture":"#0","tintindex":0}}},{"name":"cube","from":[8.749336,9.039348,0.71071124],"to":[9.267391,10.983349,2.2227116],"rotation":{"angle":22.5,"axis":"y","origin":[8.720365,10.01135,0.53071165]},"faces":{"down":{"uv":[8.4375,1.0625,8.375,1.21875],"rotation":0,"texture":"#0","tintindex":0},"east":{"uv":[10.0,4.5625,10.15625,4.75],"rotation":0,"texture":"#0","tintindex":0},"north":{"uv":[3.1875,6.875,3.25,7.0625],"rotation":0,"texture":"#0","tintindex":0},"south":{"uv":[3.1875,7.0625,3.25,7.25],"rotation":0,"texture":"#0","tintindex":0},"up":{"uv":[4.0625,8.46875,4.0,8.3125],"rotation":0,"texture":"#0","tintindex":0},"west":{"uv":[10.0,4.75,10.15625,4.9375],"rotation":0,"texture":"#0","tintindex":0}}},{"name":"cube","from":[6.7351265,9.039348,0.71071124],"to":[7.2531805,10.983349,2.2227116],"rotation":{"angle":-22.5,"axis":"y","origin":[7.282153,10.01135,0.53071165]},"faces":{"down":{"uv":[8.5625,2.1875,8.5,2.34375],"rotation":0,"texture":"#0","tintindex":0},"east":{"uv":[10.0,4.9375,10.15625,5.125],"rotation":0,"texture":"#0","tintindex":0},"north":{"uv":[1.0625,7.8125,1.125,8.0],"rotation":0,"texture":"#0","tintindex":0},"south":{"uv":[6.8125,8.25,6.875,8.4375],"rotation":0,"texture":"#0","tintindex":0},"up":{"uv":[6.875,8.59375,6.8125,8.4375],"rotation":0,"texture":"#0","tintindex":0},"west":{"uv":[10.0,5.125,10.15625,5.3125],"rotation":0,"texture":"#0","tintindex":0}}},{"name":"cube","from":[7.4730606,8.967348,-2.2287092],"to":[8.87093,10.983349,-0.9637542],"rotation":{"angle":-22.5,"axis":"y","origin":[7.2181883,10.299349,-0.6807084]},"faces":{"down":{"uv":[10.15625,6.25,10.0,6.375],"rotation":0,"texture":"#0","tintindex":0},"east":{"uv":[2.625,8.25,2.75,8.46875],"rotation":0,"texture":"#0","tintindex":0},"north":{"uv":[10.0,1.4375,10.15625,1.65625],"rotation":0,"texture":"#0","tintindex":0},"south":{"uv":[3.9375,10.0,4.09375,10.21875],"rotation":0,"texture":"#0","tintindex":0},"up":{"uv":[1.59375,8.8125,1.4375,8.6875],"rotation":0,"texture":"#0","tintindex":0},"west":{"uv":[7.3125,8.625,7.4375,8.84375],"rotation":0,"texture":"#0","tintindex":0}}},{"name":"cube","from":[7.9564633,8.967348,-2.013338],"to":[8.046054,10.983349,-0.9806309],"rotation":{"angle":0.0,"axis":"x","origin":[7.833733,2.6313474,5.4993696]},"faces":{"down":{"uv":[1.03125,10.25,1.0,10.34375],"rotation":0,"texture":"#0","tintindex":0},"east":{"uv":[6.5625,10.0625,6.65625,10.28125],"rotation":0,"texture":"#0","tintindex":0},"north":{"uv":[6.6875,9.3125,6.71875,9.53125],"rotation":0,"texture":"#0","tintindex":0},"south":{"uv":[10.1875,4.9375,10.21875,5.15625],"rotation":0,"texture":"#0","tintindex":0},"up":{"uv":[10.28125,0.96875,10.25,0.875],"rotation":0,"texture":"#0","tintindex":0},"west":{"uv":[10.0625,7.1875,10.15625,7.40625],"rotation":0,"texture":"#0","tintindex":0}}},{"name":"cube","from":[7.131587,8.967348,-2.2287092],"to":[8.529456,10.983349,-0.9637542],"rotation":{"angle":22.5,"axis":"y","origin":[8.784329,10.299349,-0.6807084]},"faces":{"down":{"uv":[10.15625,8.6875,10.0,8.8125],"rotation":0,"texture":"#0","tintindex":0},"east":{"uv":[9.5,10.0,9.625,10.21875],"rotation":0,"texture":"#0","tintindex":0},"north":{"uv":[4.125,10.0,4.28125,10.21875],"rotation":0,"texture":"#0","tintindex":0},"south":{"uv":[4.3125,10.0,4.46875,10.21875],"rotation":0,"texture":"#0","tintindex":0},"up":{"uv":[10.15625,7.0,10.0,6.875],"rotation":0,"texture":"#0","tintindex":0},"west":{"uv":[9.625,10.0,9.75,10.21875],"rotation":0,"texture":"#0","tintindex":0}}},{"name":"cube","from":[6.5110216,7.331782,2.3985627],"to":[9.485958,8.411781,5.134563],"rotation":{"angle":22.5,"axis":"x","origin":[7.9984894,7.655782,3.2265627]},"faces":{"down":{"uv":[9.75,8.1875,9.4375,8.46875],"rotation":0,"texture":"#0","tintindex":0},"east":{"uv":[10.0,1.1875,10.28125,1.3125],"rotation":0,"texture":"#0","tintindex":0},"north":{"uv":[1.375,5.375,1.6875,5.5],"rotation":0,"texture":"#0","tintindex":0},"south":{"uv":[4.375,8.6875,4.6875,8.8125],"rotation":0,"texture":"#0","tintindex":0},"up":{"uv":[9.75,3.59375,9.4375,3.3125],"rotation":0,"texture":"#0","tintindex":0},"west":{"uv":[10.0,1.3125,10.28125,1.4375],"rotation":0,"texture":"#0","tintindex":0}}},{"name":"cube","from":[8.0003,8.0963,-1.3649826],"to":[8.0003,18.896297,9.435019],"rotation":{"angle":45.0,"axis":"x","origin":[8.0003,10.106298,5.685018]},"faces":{"down":{"uv":[1.125,3.0625,0.0,1.9375],"rotation":0,"texture":"#0","tintindex":0},"east":{"uv":[1.125,3.0625,0.0,1.9375],"rotation":0,"texture":"#0","tintindex":0},"north":{"uv":[1.125,3.0625,0.0,1.9375],"rotation":0,"texture":"#0","tintindex":0},"south":{"uv":[1.125,3.0625,0.0,1.9375],"rotation":0,"texture":"#0","tintindex":0},"up":{"uv":[1.125,3.0625,0.0,1.9375],"rotation":0,"texture":"#0","tintindex":0},"west":{"uv":[0.0,3.0625,1.125,1.9375],"rotation":0,"texture":"#0","tintindex":0}}}],"display":{"head":{"translation":[0.0,-6.4,0.0],"rotation":[0.0,0.0,0.0],"scale":[3.8095,3.8095,3.8095]}}}