{"textures":{"0":"modelengine:entity/naga_guard"},"elements":[{"name":"cube","from":[3.07196,2.7238398,4.9112],"to":[12.9280405,5.5001593,11.0888],"rotation":{"angle":0.0,"axis":"x","origin":[7.6209197,1.56032,2.3192]},"faces":{"down":{"uv":[5.78125,4.8125,4.75,5.46875],"rotation":0,"texture":"#0","tintindex":0},"east":{"uv":[8.8125,5.9375,9.46875,6.21875],"rotation":0,"texture":"#0","tintindex":0},"north":{"uv":[7.9375,3.3125,8.96875,3.59375],"rotation":0,"texture":"#0","tintindex":0},"south":{"uv":[4.0625,7.9375,5.09375,8.21875],"rotation":0,"texture":"#0","tintindex":0},"up":{"uv":[5.78125,4.78125,4.75,4.125],"rotation":0,"texture":"#0","tintindex":0},"west":{"uv":[8.9375,4.1875,9.59375,4.46875],"rotation":0,"texture":"#0","tintindex":0}}}],"display":{"head":{"translation":[0.0,-6.4,0.0],"rotation":[0.0,0.0,0.0],"scale":[3.8095,3.8095,3.8095]}}}