{"textures":{"0":"modelengine:entity/naga_guard"},"elements":[{"name":"cube","from":[7.6067696,3.5470762,5.272308],"to":[10.70277,7.435076,7.792308],"rotation":{"angle":0.0,"axis":"x","origin":[8.86677,11.827076,7.252308]},"faces":{"down":{"uv":[9.8125,7.875,9.5,8.125],"rotation":0,"texture":"#0","tintindex":0},"east":{"uv":[5.875,9.3125,6.125,9.71875],"rotation":0,"texture":"#0","tintindex":0},"north":{"uv":[9.1875,7.3125,9.5,7.71875],"rotation":0,"texture":"#0","tintindex":0},"south":{"uv":[9.1875,7.75,9.5,8.15625],"rotation":0,"texture":"#0","tintindex":0},"up":{"uv":[9.8125,7.0,9.5,6.75],"rotation":0,"texture":"#0","tintindex":0},"west":{"uv":[6.125,9.3125,6.375,9.71875],"rotation":0,"texture":"#0","tintindex":0}}},{"name":"cube","from":[6.2358894,-5.380925,4.5667076],"to":[11.065649,3.8350759,8.497908],"rotation":{"angle":0.0,"axis":"x","origin":[8.70549,11.683078,7.6555076]},"faces":{"down":{"uv":[1.4375,8.6875,0.9375,9.09375],"rotation":0,"texture":"#0","tintindex":0},"east":{"uv":[7.4375,5.8125,7.84375,6.78125],"rotation":0,"texture":"#0","tintindex":0},"north":{"uv":[6.375,6.25,6.875,7.21875],"rotation":0,"texture":"#0","tintindex":0},"south":{"uv":[6.4375,5.25,6.9375,6.21875],"rotation":0,"texture":"#0","tintindex":0},"up":{"uv":[7.3125,9.03125,6.8125,8.625],"rotation":0,"texture":"#0","tintindex":0},"west":{"uv":[7.5,2.75,7.90625,3.71875],"rotation":0,"texture":"#0","tintindex":0}}},{"name":"cube","from":[6.95589,0.91187596,5.942628],"to":[8.473649,4.8862753,7.121988],"rotation":{"angle":45.0,"axis":"z","origin":[5.48277,0.7390759,6.5323076]},"faces":{"down":{"uv":[10.28125,3.6875,10.125,3.8125],"rotation":0,"texture":"#0","tintindex":0},"east":{"uv":[4.625,9.875,4.75,10.28125],"rotation":0,"texture":"#0","tintindex":0},"north":{"uv":[9.6875,4.4375,9.84375,4.84375],"rotation":0,"texture":"#0","tintindex":0},"south":{"uv":[9.6875,4.875,9.84375,5.28125],"rotation":0,"texture":"#0","tintindex":0},"up":{"uv":[10.28125,3.6875,10.125,3.5625],"rotation":0,"texture":"#0","tintindex":0},"west":{"uv":[4.75,9.875,4.875,10.28125],"rotation":0,"texture":"#0","tintindex":0}}},{"name":"cube","from":[7.38789,-1.8961244,5.942628],"to":[8.90565,2.0782762,7.121988],"rotation":{"angle":45.0,"axis":"z","origin":[5.9147696,-2.0689244,6.5323076]},"faces":{"down":{"uv":[5.78125,10.125,5.625,10.25],"rotation":0,"texture":"#0","tintindex":0},"east":{"uv":[9.875,4.8125,10.0,5.21875],"rotation":0,"texture":"#0","tintindex":0},"north":{"uv":[9.6875,5.3125,9.84375,5.71875],"rotation":0,"texture":"#0","tintindex":0},"south":{"uv":[5.625,9.6875,5.78125,10.09375],"rotation":0,"texture":"#0","tintindex":0},"up":{"uv":[10.28125,4.3125,10.125,4.1875],"rotation":0,"texture":"#0","tintindex":0},"west":{"uv":[4.875,9.875,5.0,10.28125],"rotation":0,"texture":"#0","tintindex":0}}},{"name":"cube","from":[7.8198895,-4.8481245,5.942628],"to":[9.33765,-0.873724,7.121988],"rotation":{"angle":45.0,"axis":"z","origin":[6.3467693,-5.0209246,6.5323076]},"faces":{"down":{"uv":[7.78125,10.125,7.625,10.25],"rotation":0,"texture":"#0","tintindex":0},"east":{"uv":[5.125,9.875,5.25,10.28125],"rotation":0,"texture":"#0","tintindex":0},"north":{"uv":[9.6875,5.75,9.84375,6.15625],"rotation":0,"texture":"#0","tintindex":0},"south":{"uv":[9.6875,7.0,9.84375,7.40625],"rotation":0,"texture":"#0","tintindex":0},"up":{"uv":[10.28125,6.625,10.125,6.5],"rotation":0,"texture":"#0","tintindex":0},"west":{"uv":[5.25,9.875,5.375,10.28125],"rotation":0,"texture":"#0","tintindex":0}}}],"display":{"head":{"translation":[0.0,-6.4,0.0],"rotation":[0.0,0.0,0.0],"scale":[3.8095,3.8095,3.8095]}}}