{"textures":{"0":"modelengine:entity/naga_guard"},"elements":[{"name":"cube","from":[2.8187685,-2.6449213,4.516308],"to":[6.7787685,6.571077,8.548307],"rotation":{"angle":0.0,"axis":"x","origin":[4.3307686,2.2510786,6.5323076]},"faces":{"down":{"uv":[8.09375,9.0,7.6875,9.40625],"rotation":0,"texture":"#0","tintindex":0},"east":{"uv":[3.1875,7.3125,3.59375,8.28125],"rotation":0,"texture":"#0","tintindex":0},"north":{"uv":[6.4375,7.25,6.84375,8.21875],"rotation":0,"texture":"#0","tintindex":0},"south":{"uv":[3.625,7.3125,4.03125,8.28125],"rotation":0,"texture":"#0","tintindex":0},"up":{"uv":[9.40625,3.59375,9.0,3.1875],"rotation":0,"texture":"#0","tintindex":0},"west":{"uv":[7.3125,7.0625,7.71875,8.03125],"rotation":0,"texture":"#0","tintindex":0}}},{"name":"cube","from":[2.8685985,3.3689878,4.2455873],"to":[6.403078,7.96979,8.963028],"rotation":{"angle":22.5,"axis":"z","origin":[6.306238,6.4469886,6.6043077]},"faces":{"down":{"uv":[9.25,1.5,8.875,2.0],"rotation":0,"texture":"#0","tintindex":0},"east":{"uv":[8.3125,7.9375,8.8125,8.40625],"rotation":0,"texture":"#0","tintindex":0},"north":{"uv":[8.1875,8.9375,8.5625,9.40625],"rotation":0,"texture":"#0","tintindex":0},"south":{"uv":[0.0,9.0,0.375,9.46875],"rotation":0,"texture":"#0","tintindex":0},"up":{"uv":[9.25,1.5,8.875,1.0],"rotation":0,"texture":"#0","tintindex":0},"west":{"uv":[8.375,0.5625,8.875,1.03125],"rotation":0,"texture":"#0","tintindex":0}}}],"display":{"head":{"translation":[0.0,-6.4,0.0],"rotation":[0.0,0.0,0.0],"scale":[3.8095,3.8095,3.8095]}}}