{"textures":{"0":"modelengine:entity/naga_guard"},"elements":[{"name":"cube","from":[5.2972307,3.5470762,5.272308],"to":[8.39323,7.435076,7.792308],"rotation":{"angle":0.0,"axis":"x","origin":[7.13323,11.827076,7.252308]},"faces":{"down":{"uv":[7.75,6.8125,7.4375,7.0625],"rotation":0,"texture":"#0","tintindex":0},"east":{"uv":[9.25,5.25,9.5,5.65625],"rotation":0,"texture":"#0","tintindex":0},"north":{"uv":[3.375,1.9375,3.6875,2.34375],"rotation":0,"texture":"#0","tintindex":0},"south":{"uv":[9.125,8.25,9.4375,8.65625],"rotation":0,"texture":"#0","tintindex":0},"up":{"uv":[7.75,5.25,7.4375,5.0],"rotation":0,"texture":"#0","tintindex":0},"west":{"uv":[5.625,9.25,5.875,9.65625],"rotation":0,"texture":"#0","tintindex":0}}},{"name":"cube","from":[4.93435,-5.3809233,4.5667076],"to":[9.764111,3.8350759,8.497908],"rotation":{"angle":0.0,"axis":"x","origin":[7.294511,11.683078,7.6555076]},"faces":{"down":{"uv":[5.625,8.625,5.125,9.03125],"rotation":0,"texture":"#0","tintindex":0},"east":{"uv":[7.25,1.375,7.65625,2.34375],"rotation":0,"texture":"#0","tintindex":0},"north":{"uv":[3.25,6.3125,3.75,7.28125],"rotation":0,"texture":"#0","tintindex":0},"south":{"uv":[3.75,6.3125,4.25,7.28125],"rotation":0,"texture":"#0","tintindex":0},"up":{"uv":[0.9375,9.03125,0.4375,8.625],"rotation":0,"texture":"#0","tintindex":0},"west":{"uv":[6.0,7.25,6.40625,8.21875],"rotation":0,"texture":"#0","tintindex":0}}},{"name":"cube","from":[7.526351,0.91187596,5.942628],"to":[9.044111,4.8862777,7.121988],"rotation":{"angle":-45.0,"axis":"z","origin":[10.51723,0.7390759,6.5323076]},"faces":{"down":{"uv":[10.28125,1.875,10.125,2.0],"rotation":0,"texture":"#0","tintindex":0},"east":{"uv":[9.875,0.0,10.0,0.40625],"rotation":0,"texture":"#0","tintindex":0},"north":{"uv":[9.3125,9.625,9.46875,10.03125],"rotation":0,"texture":"#0","tintindex":0},"south":{"uv":[9.625,9.375,9.78125,9.78125],"rotation":0,"texture":"#0","tintindex":0},"up":{"uv":[10.28125,1.1875,10.125,1.0625],"rotation":0,"texture":"#0","tintindex":0},"west":{"uv":[9.875,0.4375,10.0,0.84375],"rotation":0,"texture":"#0","tintindex":0}}},{"name":"cube","from":[7.094351,-1.8961229,5.942628],"to":[8.61211,2.0782762,7.121988],"rotation":{"angle":-45.0,"axis":"z","origin":[10.08523,-2.068923,6.5323076]},"faces":{"down":{"uv":[10.28125,2.0,10.125,2.125],"rotation":0,"texture":"#0","tintindex":0},"east":{"uv":[9.875,0.875,10.0,1.28125],"rotation":0,"texture":"#0","tintindex":0},"north":{"uv":[9.6875,0.0,9.84375,0.40625],"rotation":0,"texture":"#0","tintindex":0},"south":{"uv":[9.6875,0.4375,9.84375,0.84375],"rotation":0,"texture":"#0","tintindex":0},"up":{"uv":[2.15625,10.25,2.0,10.125],"rotation":0,"texture":"#0","tintindex":0},"west":{"uv":[9.875,1.3125,10.0,1.71875],"rotation":0,"texture":"#0","tintindex":0}}},{"name":"cube","from":[6.6623507,-4.8481236,5.942628],"to":[8.180111,-0.873724,7.121988],"rotation":{"angle":-45.0,"axis":"z","origin":[9.653231,-5.0209236,6.5323076]},"faces":{"down":{"uv":[10.28125,3.1875,10.125,3.3125],"rotation":0,"texture":"#0","tintindex":0},"east":{"uv":[9.875,4.375,10.0,4.78125],"rotation":0,"texture":"#0","tintindex":0},"north":{"uv":[9.6875,0.875,9.84375,1.28125],"rotation":0,"texture":"#0","tintindex":0},"south":{"uv":[9.6875,1.3125,9.84375,1.71875],"rotation":0,"texture":"#0","tintindex":0},"up":{"uv":[2.65625,10.25,2.5,10.125],"rotation":0,"texture":"#0","tintindex":0},"west":{"uv":[4.5,9.875,4.625,10.28125],"rotation":0,"texture":"#0","tintindex":0}}}],"display":{"head":{"translation":[0.0,-6.4,0.0],"rotation":[0.0,0.0,0.0],"scale":[3.8095,3.8095,3.8095]}}}