{"textures":{"0":"modelengine:entity/naga_guard"},"elements":[{"name":"cube","from":[9.695264,-1.9749479,4.516308],"to":[13.655264,7.241053,8.548307],"rotation":{"angle":0.0,"axis":"x","origin":[12.143264,2.9210525,6.5323076]},"faces":{"down":{"uv":[9.40625,2.75,9.0,3.15625],"rotation":0,"texture":"#0","tintindex":0},"east":{"uv":[5.125,7.0625,5.53125,8.03125],"rotation":0,"texture":"#0","tintindex":0},"north":{"uv":[3.9375,2.75,4.34375,3.71875],"rotation":0,"texture":"#0","tintindex":0},"south":{"uv":[5.5625,7.0625,5.96875,8.03125],"rotation":0,"texture":"#0","tintindex":0},"up":{"uv":[9.40625,2.71875,9.0,2.3125],"rotation":0,"texture":"#0","tintindex":0},"west":{"uv":[6.875,7.0625,7.28125,8.03125],"rotation":0,"texture":"#0","tintindex":0}}},{"name":"cube","from":[10.070954,4.038964,4.2455873],"to":[13.605434,8.639764,8.963028],"rotation":{"angle":-22.5,"axis":"z","origin":[10.167794,7.1169624,6.6043077]},"faces":{"down":{"uv":[9.1875,7.75,8.8125,8.25],"rotation":0,"texture":"#0","tintindex":0},"east":{"uv":[6.3125,8.25,6.8125,8.71875],"rotation":0,"texture":"#0","tintindex":0},"north":{"uv":[7.3125,8.875,7.6875,9.34375],"rotation":0,"texture":"#0","tintindex":0},"south":{"uv":[2.625,8.9375,3.0,9.40625],"rotation":0,"texture":"#0","tintindex":0},"up":{"uv":[9.1875,7.75,8.8125,7.25],"rotation":0,"texture":"#0","tintindex":0},"west":{"uv":[3.1875,8.3125,3.6875,8.78125],"rotation":0,"texture":"#0","tintindex":0}}}],"display":{"head":{"translation":[0.0,-6.4,0.0],"rotation":[0.0,0.0,0.0],"scale":[3.8095,3.8095,3.8095]}}}