{"textures":{"0":"modelengine:entity/naga_guard"},"elements":[{"name":"cube","from":[2.5791554,1.6798398,5.66144],"to":[13.420844,8.12816,13.07456],"rotation":{"angle":0.0,"axis":"x","origin":[7.583012,6.49232,2.5510397]},"faces":{"down":{"uv":[2.25,3.875,1.125,4.65625],"rotation":0,"texture":"#0","tintindex":0},"east":{"uv":[6.1875,3.875,6.96875,4.53125],"rotation":0,"texture":"#0","tintindex":0},"north":{"uv":[4.4375,1.5,5.5625,2.15625],"rotation":0,"texture":"#0","tintindex":0},"south":{"uv":[0.5625,4.6875,1.6875,5.34375],"rotation":0,"texture":"#0","tintindex":0},"up":{"uv":[1.125,4.65625,0.0,3.875],"rotation":0,"texture":"#0","tintindex":0},"west":{"uv":[6.1875,4.5625,6.96875,5.21875],"rotation":0,"texture":"#0","tintindex":0}}}],"display":{"head":{"translation":[0.0,-6.4,0.0],"rotation":[0.0,0.0,0.0],"scale":[3.8095,3.8095,3.8095]}}}