{"textures":{"0":"modelengine:entity/naga_guard"},"elements":[{"name":"cube","from":[4.4275084,0.46783948,7.221486],"to":[11.54074,7.18016,12.085235],"rotation":{"angle":0.0,"axis":"x","origin":[7.7105384,18.096321,5.1807523]},"faces":{"down":{"uv":[8.4375,1.75,7.6875,2.25],"rotation":0,"texture":"#0","tintindex":0},"east":{"uv":[0.625,7.0,1.125,7.8125],"rotation":0,"texture":"#0","tintindex":0},"north":{"uv":[2.1875,5.5,2.9375,6.3125],"rotation":0,"texture":"#0","tintindex":0},"south":{"uv":[2.9375,5.5,3.6875,6.3125],"rotation":0,"texture":"#0","tintindex":0},"up":{"uv":[8.4375,1.75,7.6875,1.25],"rotation":0,"texture":"#0","tintindex":0},"west":{"uv":[7.0,3.5625,7.5,4.375],"rotation":0,"texture":"#0","tintindex":0}}},{"name":"cube","from":[8.075716,0.46783948,11.181486],"to":[8.075716,7.66784,18.381487],"rotation":{"angle":0.0,"axis":"x","origin":[4.245515,18.096321,5.1807523]},"faces":{"down":{"uv":[5.5625,1.4375,6.3125,2.1875],"rotation":0,"texture":"#0","tintindex":0},"east":{"uv":[5.5625,1.4375,6.3125,2.1875],"rotation":0,"texture":"#0","tintindex":0},"north":{"uv":[5.5625,1.4375,6.3125,2.1875],"rotation":0,"texture":"#0","tintindex":0},"south":{"uv":[5.5625,1.4375,6.3125,2.1875],"rotation":0,"texture":"#0","tintindex":0},"up":{"uv":[5.5625,1.4375,6.3125,2.1875],"rotation":0,"texture":"#0","tintindex":0},"west":{"uv":[6.3125,1.4375,5.5625,2.1875],"rotation":0,"texture":"#0","tintindex":0}}}],"display":{"head":{"translation":[0.0,-6.4,0.0],"rotation":[0.0,0.0,0.0],"scale":[3.8095,3.8095,3.8095]}}}