{"textures":{"0":"modelengine:entity/naga_guard"},"elements":[{"name":"cube","from":[4.0482044,0.88784003,7.1699176],"to":[11.951795,8.56016,12.574082],"rotation":{"angle":0.0,"axis":"x","origin":[7.696016,18.51632,4.9024363]},"faces":{"down":{"uv":[7.75,5.25,6.9375,5.8125],"rotation":0,"texture":"#0","tintindex":0},"east":{"uv":[2.625,6.875,3.1875,7.6875],"rotation":0,"texture":"#0","tintindex":0},"north":{"uv":[0.5625,5.375,1.375,6.1875],"rotation":0,"texture":"#0","tintindex":0},"south":{"uv":[1.375,5.5,2.1875,6.3125],"rotation":0,"texture":"#0","tintindex":0},"up":{"uv":[7.6875,1.375,6.875,0.8125],"rotation":0,"texture":"#0","tintindex":0},"west":{"uv":[6.875,6.25,7.4375,7.0625],"rotation":0,"texture":"#0","tintindex":0}}}],"display":{"head":{"translation":[0.0,-6.4,0.0],"rotation":[0.0,0.0,0.0],"scale":[3.8095,3.8095,3.8095]}}}