{"textures":{"0":"modelengine:entity/naga_guard"},"elements":[{"name":"cube","from":[8.067778,-12.144159,9.326166],"to":[8.067778,6.215841,20.414165],"rotation":{"angle":0.0,"axis":"x","origin":[4.2375765,35.220325,5.125432]},"faces":{"down":{"uv":[0.0,0.0,1.15625,1.90625],"rotation":0,"texture":"#0","tintindex":0},"east":{"uv":[0.0,0.0,1.15625,1.90625],"rotation":0,"texture":"#0","tintindex":0},"north":{"uv":[0.0,0.0,1.15625,1.90625],"rotation":0,"texture":"#0","tintindex":0},"south":{"uv":[0.0,0.0,1.15625,1.90625],"rotation":0,"texture":"#0","tintindex":0},"up":{"uv":[0.0,0.0,1.15625,1.90625],"rotation":0,"texture":"#0","tintindex":0},"west":{"uv":[1.15625,0.0,0.0,1.90625],"rotation":0,"texture":"#0","tintindex":0}}},{"name":"cube","from":[7.502074,-4.2241607,7.612063],"to":[8.497927,8.464161,10.403936],"rotation":{"angle":0.0,"axis":"x","origin":[7.961698,31.260323,6.5916963]},"faces":{"down":{"uv":[1.40625,10.0625,1.3125,10.34375],"rotation":0,"texture":"#0","tintindex":0},"east":{"uv":[0.0,7.0,0.28125,8.5],"rotation":0,"texture":"#0","tintindex":0},"north":{"uv":[3.0,8.9375,3.09375,10.4375],"rotation":0,"texture":"#0","tintindex":0},"south":{"uv":[1.1875,9.125,1.28125,10.625],"rotation":0,"texture":"#0","tintindex":0},"up":{"uv":[10.09375,10.15625,10.0,9.875],"rotation":0,"texture":"#0","tintindex":0},"west":{"uv":[0.3125,7.0,0.59375,8.5],"rotation":0,"texture":"#0","tintindex":0}}}],"display":{"head":{"translation":[0.0,-6.4,0.0],"rotation":[0.0,0.0,0.0],"scale":[3.8095,3.8095,3.8095]}}}