{"textures":{"0":"modelengine:entity/naga_guard"},"elements":[{"name":"cube","from":[8.067778,-3.6121602,9.218166],"to":[8.067778,7.7638397,16.418167],"rotation":{"angle":0.0,"axis":"x","origin":[4.2375765,25.392319,5.017432]},"faces":{"down":{"uv":[3.6875,0.0,4.4375,1.1875],"rotation":0,"texture":"#0","tintindex":0},"east":{"uv":[3.6875,0.0,4.4375,1.1875],"rotation":0,"texture":"#0","tintindex":0},"north":{"uv":[3.6875,0.0,4.4375,1.1875],"rotation":0,"texture":"#0","tintindex":0},"south":{"uv":[3.6875,0.0,4.4375,1.1875],"rotation":0,"texture":"#0","tintindex":0},"up":{"uv":[3.6875,0.0,4.4375,1.1875],"rotation":0,"texture":"#0","tintindex":0},"west":{"uv":[4.4375,0.0,3.6875,1.1875],"rotation":0,"texture":"#0","tintindex":0}}},{"name":"cube","from":[5.510369,-3.5401607,7.5040627],"to":[10.489632,8.23616,10.943937],"rotation":{"angle":0.0,"axis":"x","origin":[7.80849,31.872322,6.483696]},"faces":{"down":{"uv":[9.46875,6.625,8.9375,6.96875],"rotation":0,"texture":"#0","tintindex":0},"east":{"uv":[5.8125,3.875,6.15625,5.375],"rotation":0,"texture":"#0","tintindex":0},"north":{"uv":[4.4375,0.0,4.96875,1.5],"rotation":0,"texture":"#0","tintindex":0},"south":{"uv":[0.0,4.6875,0.53125,6.1875],"rotation":0,"texture":"#0","tintindex":0},"up":{"uv":[9.46875,6.59375,8.9375,6.25],"rotation":0,"texture":"#0","tintindex":0},"west":{"uv":[4.75,6.125,5.09375,7.625],"rotation":0,"texture":"#0","tintindex":0}}}],"display":{"head":{"translation":[0.0,-6.4,0.0],"rotation":[0.0,0.0,0.0],"scale":[3.8095,3.8095,3.8095]}}}