{"textures":{"0":"modelengine:entity/naga_guard"},"elements":[{"name":"cube","from":[3.609116,0.81584,7.013686],"to":[12.390883,8.48816,13.018314],"rotation":{"angle":0.0,"axis":"x","origin":[7.6622396,18.44432,4.494262]},"faces":{"down":{"uv":[5.65625,5.5,4.75,6.125],"rotation":0,"texture":"#0","tintindex":0},"east":{"uv":[5.125,6.25,5.75,7.0625],"rotation":0,"texture":"#0","tintindex":0},"north":{"uv":[1.6875,4.6875,2.59375,5.5],"rotation":0,"texture":"#0","tintindex":0},"south":{"uv":[2.625,4.6875,3.53125,5.5],"rotation":0,"texture":"#0","tintindex":0},"up":{"uv":[5.90625,1.4375,5.0,0.8125],"rotation":0,"texture":"#0","tintindex":0},"west":{"uv":[5.75,6.25,6.375,7.0625],"rotation":0,"texture":"#0","tintindex":0}}}],"display":{"head":{"translation":[0.0,-6.4,0.0],"rotation":[0.0,0.0,0.0],"scale":[3.8095,3.8095,3.8095]}}}