{"textures":{"0":"modelengine:entity/naga_guard"},"elements":[{"name":"cube","from":[3.12124,0.023838997,7.040096],"to":[12.878759,7.6961594,13.711905],"rotation":{"angle":0.0,"axis":"x","origin":[7.6247106,11.172319,4.240736]},"faces":{"down":{"uv":[5.78125,3.4375,4.75,4.125],"rotation":0,"texture":"#0","tintindex":0},"east":{"uv":[3.6875,5.5,4.375,6.3125],"rotation":0,"texture":"#0","tintindex":0},"north":{"uv":[2.25,3.875,3.28125,4.6875],"rotation":0,"texture":"#0","tintindex":0},"south":{"uv":[3.3125,3.875,4.34375,4.6875],"rotation":0,"texture":"#0","tintindex":0},"up":{"uv":[5.78125,3.4375,4.75,2.75],"rotation":0,"texture":"#0","tintindex":0},"west":{"uv":[5.8125,0.0,6.5,0.8125],"rotation":0,"texture":"#0","tintindex":0}}}],"display":{"head":{"translation":[0.0,-6.4,0.0],"rotation":[0.0,0.0,0.0],"scale":[3.8095,3.8095,3.8095]}}}