{"textures":{"0":"modelengine:entity/naga_guard"},"elements":[{"name":"cube","from":[3.3352306,4.759128,6.1723075],"to":[12.461231,10.271448,11.320308],"rotation":{"angle":0.0,"axis":"x","origin":[7.5472307,9.787609,4.0123076]},"faces":{"down":{"uv":[2.3125,6.3125,1.375,6.84375],"rotation":0,"texture":"#0","tintindex":0},"east":{"uv":[7.875,6.25,8.40625,6.8125],"rotation":0,"texture":"#0","tintindex":0},"north":{"uv":[5.8125,2.75,6.75,3.3125],"rotation":0,"texture":"#0","tintindex":0},"south":{"uv":[5.8125,3.3125,6.75,3.875],"rotation":0,"texture":"#0","tintindex":0},"up":{"uv":[6.875,1.34375,5.9375,0.8125],"rotation":0,"texture":"#0","tintindex":0},"west":{"uv":[7.9375,2.75,8.46875,3.3125],"rotation":0,"texture":"#0","tintindex":0}}},{"name":"cube","from":[8.514294,5.630769,5.8425474],"to":[10.758606,8.485426,6.2860675],"rotation":{"angle":-22.5,"axis":"z","origin":[9.374369,6.997617,6.0643077]},"faces":{"down":{"uv":[9.15625,7.1875,8.9375,7.21875],"rotation":0,"texture":"#0","tintindex":0},"east":{"uv":[4.75,9.5625,4.78125,9.875],"rotation":0,"texture":"#0","tintindex":0},"north":{"uv":[0.625,9.625,0.84375,9.9375],"rotation":0,"texture":"#0","tintindex":0},"south":{"uv":[9.625,2.3125,9.84375,2.625],"rotation":0,"texture":"#0","tintindex":0},"up":{"uv":[6.21875,8.71875,6.0,8.6875],"rotation":0,"texture":"#0","tintindex":0},"west":{"uv":[5.375,9.5625,5.40625,9.875],"rotation":0,"texture":"#0","tintindex":0}}},{"name":"cube","from":[5.241395,5.630769,5.8425474],"to":[7.485707,8.485426,6.2860675],"rotation":{"angle":22.5,"axis":"z","origin":[6.625631,6.997617,6.0643077]},"faces":{"down":{"uv":[8.78125,2.6875,8.5625,2.71875],"rotation":0,"texture":"#0","tintindex":0},"east":{"uv":[2.9375,9.4375,2.96875,9.75],"rotation":0,"texture":"#0","tintindex":0},"north":{"uv":[6.6875,9.5625,6.90625,9.875],"rotation":0,"texture":"#0","tintindex":0},"south":{"uv":[9.5625,8.5,9.78125,8.8125],"rotation":0,"texture":"#0","tintindex":0},"up":{"uv":[8.28125,0.59375,8.0625,0.5625],"rotation":0,"texture":"#0","tintindex":0},"west":{"uv":[3.5,9.5625,3.53125,9.875],"rotation":0,"texture":"#0","tintindex":0}}}],"display":{"head":{"translation":[0.0,-6.4,0.0],"rotation":[0.0,0.0,0.0],"scale":[3.8095,3.8095,3.8095]}}}