{"textures":{"0":"modelengine:entity/naga_guard"},"elements":[{"name":"cube","from":[7.5935545,7.5648136,-5.1573906],"to":[8.457555,8.428814,23.190039],"rotation":{"angle":0.0,"axis":"x","origin":[7.9900618,10.431566,17.796211]},"faces":{"down":{"uv":[4.71875,2.75,4.5625,7.90625],"rotation":0,"texture":"#0","tintindex":0},"east":{"uv":[3.375,2.375,8.53125,2.53125],"rotation":0,"texture":"#0","tintindex":0},"north":{"uv":[1.4375,10.0625,1.59375,10.21875],"rotation":0,"texture":"#0","tintindex":0},"south":{"uv":[1.625,10.0625,1.78125,10.21875],"rotation":0,"texture":"#0","tintindex":0},"up":{"uv":[4.53125,7.90625,4.375,2.75],"rotation":0,"texture":"#0","tintindex":0},"west":{"uv":[3.375,2.5625,8.53125,2.71875],"rotation":0,"texture":"#0","tintindex":0}}},{"name":"cube","from":[6.82343,5.7750998,-6.309389],"to":[9.045144,10.218528,-4.828247],"rotation":{"angle":0.0,"axis":"x","origin":[7.8430185,20.518396,-14.212931]},"faces":{"down":{"uv":[4.40625,9.25,4.0,9.53125],"rotation":0,"texture":"#0","tintindex":0},"east":{"uv":[7.4375,8.0625,7.71875,8.875],"rotation":0,"texture":"#0","tintindex":0},"north":{"uv":[2.75,7.6875,3.15625,8.5],"rotation":0,"texture":"#0","tintindex":0},"south":{"uv":[0.625,7.8125,1.03125,8.625],"rotation":0,"texture":"#0","tintindex":0},"up":{"uv":[3.53125,9.53125,3.125,9.25],"rotation":0,"texture":"#0","tintindex":0},"west":{"uv":[3.6875,8.3125,3.96875,9.125],"rotation":0,"texture":"#0","tintindex":0}}},{"name":"cube","from":[7.161555,7.132814,23.025467],"to":[8.889555,8.860813,24.09518],"rotation":{"angle":0.0,"axis":"x","origin":[7.954569,12.866319,44.292213]},"faces":{"down":{"uv":[9.125,8.25,8.8125,8.4375],"rotation":0,"texture":"#0","tintindex":0},"east":{"uv":[3.5,0.8125,3.6875,1.125],"rotation":0,"texture":"#0","tintindex":0},"north":{"uv":[9.3125,9.3125,9.625,9.625],"rotation":0,"texture":"#0","tintindex":0},"south":{"uv":[9.375,0.0,9.6875,0.3125],"rotation":0,"texture":"#0","tintindex":0},"up":{"uv":[6.0,8.25,5.6875,8.0625],"rotation":0,"texture":"#0","tintindex":0},"west":{"uv":[9.6875,6.1875,9.875,6.5],"rotation":0,"texture":"#0","tintindex":0}}},{"name":"cube","from":[7.161555,6.6144137,-4.478533],"to":[8.889555,9.379213,-3.4088173],"rotation":{"angle":0.0,"axis":"x","origin":[7.954569,15.78802,16.78821]},"faces":{"down":{"uv":[6.3125,9.75,6.0,9.9375],"rotation":0,"texture":"#0","tintindex":0},"east":{"uv":[2.5625,9.4375,2.75,9.9375],"rotation":0,"texture":"#0","tintindex":0},"north":{"uv":[8.5625,9.0,8.875,9.5],"rotation":0,"texture":"#0","tintindex":0},"south":{"uv":[8.875,9.0,9.1875,9.5],"rotation":0,"texture":"#0","tintindex":0},"up":{"uv":[10.0625,4.0,9.75,3.8125],"rotation":0,"texture":"#0","tintindex":0},"west":{"uv":[2.75,9.4375,2.9375,9.9375],"rotation":0,"texture":"#0","tintindex":0}}},{"name":"cube","from":[7.161555,3.7755673,-5.385683],"to":[8.889555,7.39751,-4.3159695],"rotation":{"angle":-45.0,"axis":"x","origin":[8.025555,6.01511,-4.8508263]},"faces":{"down":{"uv":[10.125,1.9375,9.8125,2.125],"rotation":0,"texture":"#0","tintindex":0},"east":{"uv":[7.8125,9.4375,8.0,9.9375],"rotation":0,"texture":"#0","tintindex":0},"north":{"uv":[6.75,9.0625,7.0625,9.5625],"rotation":0,"texture":"#0","tintindex":0},"south":{"uv":[0.6875,9.125,1.0,9.625],"rotation":0,"texture":"#0","tintindex":0},"up":{"uv":[10.125,1.9375,9.8125,1.75],"rotation":0,"texture":"#0","tintindex":0},"west":{"uv":[8.0,9.4375,8.1875,9.9375],"rotation":0,"texture":"#0","tintindex":0}}},{"name":"cube","from":[7.161555,8.596117,-5.385683],"to":[8.889555,12.089489,-4.3159695],"rotation":{"angle":45.0,"axis":"x","origin":[8.025555,9.978518,-4.8508263]},"faces":{"down":{"uv":[10.0625,8.3125,9.75,8.5],"rotation":0,"texture":"#0","tintindex":0},"east":{"uv":[9.4375,2.8125,9.625,3.3125],"rotation":0,"texture":"#0","tintindex":0},"north":{"uv":[0.375,9.0625,0.6875,9.5625],"rotation":0,"texture":"#0","tintindex":0},"south":{"uv":[5.125,9.0625,5.4375,9.5625],"rotation":0,"texture":"#0","tintindex":0},"up":{"uv":[10.0625,8.3125,9.75,8.125],"rotation":0,"texture":"#0","tintindex":0},"west":{"uv":[7.625,9.4375,7.8125,9.9375],"rotation":0,"texture":"#0","tintindex":0}}},{"name":"cube","from":[7.7121153,7.5148754,-15.472923],"to":[8.156458,8.54196,-6.1384163],"rotation":{"angle":0.0,"axis":"x","origin":[7.934287,8.028418,-8.877098]},"faces":{"down":{"uv":[10.28125,4.8125,10.1875,4.9375],"rotation":0,"texture":"#0","tintindex":0},"east":{"uv":[9.25,0.9375,9.375,1.875],"rotation":0,"texture":"#0","tintindex":0},"north":{"uv":[0.25,9.5,0.34375,10.4375],"rotation":0,"texture":"#0","tintindex":0},"south":{"uv":[3.5625,9.5,3.65625,10.4375],"rotation":0,"texture":"#0","tintindex":0},"up":{"uv":[10.28125,4.8125,10.1875,4.6875],"rotation":0,"texture":"#0","tintindex":0},"west":{"uv":[2.1875,9.25,2.3125,10.1875],"rotation":0,"texture":"#0","tintindex":0}}},{"name":"cube","from":[7.7121153,10.550496,-12.352894],"to":[8.156458,11.5775795,-3.532673],"rotation":{"angle":0.0,"axis":"x","origin":[7.934287,11.064037,-6.2713566]},"faces":{"down":{"uv":[10.28125,4.8125,10.1875,4.9375],"rotation":0,"texture":"#0","tintindex":0},"east":{"uv":[9.25,0.9375,9.375,1.875],"rotation":0,"texture":"#0","tintindex":0},"north":{"uv":[0.25,9.5,0.34375,10.4375],"rotation":0,"texture":"#0","tintindex":0},"south":{"uv":[3.5625,9.5,3.65625,10.4375],"rotation":0,"texture":"#0","tintindex":0},"up":{"uv":[10.28125,4.8125,10.1875,4.6875],"rotation":0,"texture":"#0","tintindex":0},"west":{"uv":[2.1875,9.25,2.3125,10.1875],"rotation":0,"texture":"#0","tintindex":0}}},{"name":"cube","from":[7.7121153,4.4160476,-12.352894],"to":[8.156458,5.443131,-3.532673],"rotation":{"angle":0.0,"axis":"x","origin":[7.934287,4.9295897,-6.2713566]},"faces":{"down":{"uv":[10.28125,4.6875,10.1875,4.8125],"rotation":0,"texture":"#0","tintindex":0},"east":{"uv":[9.25,1.875,9.375,0.9375],"rotation":0,"texture":"#0","tintindex":0},"north":{"uv":[0.25,10.4375,0.34375,9.5],"rotation":0,"texture":"#0","tintindex":0},"south":{"uv":[3.5625,10.4375,3.65625,9.5],"rotation":0,"texture":"#0","tintindex":0},"up":{"uv":[10.28125,4.9375,10.1875,4.8125],"rotation":0,"texture":"#0","tintindex":0},"west":{"uv":[2.1875,10.1875,2.3125,9.25],"rotation":0,"texture":"#0","tintindex":0}}},{"name":"cube","from":[7.7165585,7.671343,-16.0],"to":[8.152015,8.397599,-15.273739],"rotation":{"angle":-45.0,"axis":"x","origin":[7.934287,8.229345,-15.547588]},"faces":{"down":{"uv":[10.28125,1.4375,10.1875,1.59375],"rotation":0,"texture":"#0","tintindex":0},"east":{"uv":[10.0625,3.8125,10.21875,3.96875],"rotation":0,"texture":"#0","tintindex":0},"north":{"uv":[10.125,9.875,10.21875,10.03125],"rotation":0,"texture":"#0","tintindex":0},"south":{"uv":[10.125,10.0625,10.21875,10.21875],"rotation":0,"texture":"#0","tintindex":0},"up":{"uv":[10.28125,0.15625,10.1875,0.0],"rotation":0,"texture":"#0","tintindex":0},"west":{"uv":[5.8125,10.0625,5.96875,10.21875],"rotation":0,"texture":"#0","tintindex":0}}},{"name":"cube","from":[7.5697255,7.572638,30.549765],"to":[8.347326,8.520428,31.497553],"rotation":{"angle":-45.0,"axis":"x","origin":[8.15137,8.352174,31.223703]},"faces":{"down":{"uv":[10.28125,1.4375,10.1875,1.59375],"rotation":0,"texture":"#0","tintindex":0},"east":{"uv":[10.0625,3.8125,10.21875,3.96875],"rotation":0,"texture":"#0","tintindex":0},"north":{"uv":[10.125,9.875,10.21875,10.03125],"rotation":0,"texture":"#0","tintindex":0},"south":{"uv":[10.125,10.0625,10.21875,10.21875],"rotation":0,"texture":"#0","tintindex":0},"up":{"uv":[10.28125,0.15625,10.1875,0.0],"rotation":0,"texture":"#0","tintindex":0},"west":{"uv":[5.8125,10.0625,5.96875,10.21875],"rotation":0,"texture":"#0","tintindex":0}}},{"name":"cube","from":[7.7165585,4.572514,-12.879969],"to":[8.152015,5.2987714,-12.153713],"rotation":{"angle":-45.0,"axis":"x","origin":[7.934287,5.130518,-12.427561]},"faces":{"down":{"uv":[10.28125,1.4375,10.1875,1.59375],"rotation":0,"texture":"#0","tintindex":0},"east":{"uv":[10.0625,3.8125,10.21875,3.96875],"rotation":0,"texture":"#0","tintindex":0},